ratings,user,bookid
5,1,10365
5,1,34941133
5,1,32768285
5,1,33232571
5,1,10147
5,1,29983426
5,1,38300
5,1,28699343
5,1,40
5,1,37684
5,1,24375664
5,1,22875447
5,1,22816087
5,1,22318578
5,1,1
5,1,20604826
5,1,21792828
5,1,18777578
5,1,2262
5,1,18296097
5,1,18245960
5,1,18176747
5,1,19816540
5,1,17660462
5,1,17290220
5,1,4099
5,1,18662473
5,1,17315048
5,1,15839976
5,1,17451257
5,1,14356972
5,1,13573189
5,1,10294362
5,1,20873740
5,1,13414676
5,1,25735618
5,1,840
5,1,13148183
5,1,16008171
5,1,19743
5,1,13526165
5,1,11474551
5,1,11297044
5,1,10552338
5,1,8664353
5,1,24815
5,1,7685831
5,1,7518289
5,1,28815
5,1,8519525
5,1,30119
5,1,370493
5,1,6954929
5,1,6908202
5,1,6828896
5,1,6480781
5,1,8213519
5,1,6390320
5,1,6289283
5,1,6150530
5,1,4
5,1,890
5,1,5100525
5,1,40955
5,1,32682
5,1,4908081
5,1,865
5,1,3
5,1,760025
5,1,29893493
5,1,1022863
5,1,8127
5,1,33
5,1,43244
5,1,1067
5,1,8545079
5,1,8622058
5,1,2122
5,1,874
5,1,2657
5,1,10572
5,1,5548
5,1,128029
5,1,1852
5,1,67490
5,1,1232
5,1,5759
5,1,5129
5,1,34
5,1,361
5,1,76931
5,1,76932
5,1,76933
5,1,76934
5,1,76936
5,1,32198
5,1,76948
5,1,76952
5,1,76953
5,1,36505603
5,1,2998
5,1,5577844
5,1,4948
5,1,23772
5,1,30
5,1,11
5,1,8191070
5,1,295
5,1,96646
5,1,98233
5,1,1713426
5,1,1893
5,1,6
5,1,5107
5,1,6621611
5,1,19543
5,1,569564
5,1,156770
5,1,375711
5,1,18512
5,1,15241
5,1,136251
5,1,862041
5,1,10673579
5,1,12
5,1,3764
5,1,5572634
5,1,5064
5,1,2
5,1,2767052
5,1,3388
5,1,7624
5,1,6310
5,1,5470
5,1,304889
5,1,177193
5,1,3758
5,1,186074
5,1,2485075
5,1,2265
5,1,178186
5,1,901
5,1,5
5,1,31646
5,1,24816
5,1,18646
5,1,21
5,1,16064871
5,1,210009
5,1,211099
5,1,7613
5,1,6563914
5,1,157993
5,1,31196
5,1,42407
5,1,38296
5,1,2054761
5,1,4671
5,1,1969280
5,1,18116
5,1,32570472
5,1,11012
5,1,231850
5,1,944102
5,1,32570572
5,1,22034
5,1,368593
5,1,278662
5,1,8695
5,1,2956
5,1,76964
5,1,2674
5,1,41804
5,1,5544
5,1,1165806
5,1,2429135
5,1,45
5,1,4981
5,1,119324
5,1,5907
5,1,119322
5,1,6984678
5,1,1226
5,1,77566
5,1,7126
5,1,76620
5,1,4380
5,1,411703
5,1,7190
5,1,99107
5,1,2052
5,1,3590
5,1,77432
5,1,1004
5,1,8125726
5,1,781787
5,1,19494
5,1,488908
5,1,76961
5,1,502362
5,1,816
5,1,62291
5,1,50
5,1,1306
5,1,13792790
5,1,33507
5,1,76865
5,1,18919798
5,1,87976
5,1,595069
5,1,3876
5,1,76963
5,1,59715
5,1,2574
5,1,32923
5,1,739484
5,1,24818
5,1,350
5,1,24769588
5,1,460548
5,1,897461
5,1,19321
5,1,122
5,1,8907702
5,1,853961
5,1,125404
5,1,7526
5,1,817720
5,1,95420
5,1,77430
5,1,815985
5,1,18699
5,1,760129
5,1,760119
5,1,9624
4,1,774088
4,1,41619
4,1,15769
4,1,17214
4,1,295961
4,1,13103
4,1,30282601
4,1,2623
4,1,29584452
4,1,11129
4,1,28114110
4,1,28119237
4,1,31138556
4,1,77431
4,1,23310161
4,1,130580
4,1,3061530
4,1,7244
4,1,4610
4,1,25884323
4,1,3760
4,1,493
4,1,37553
4,1,7967
4,1,7082
4,1,835
4,1,2618
4,1,857
4,1,2748
4,1,22551730
4,1,515608
4,1,1202
4,1,228560
4,1,6644782
4,1,177194
4,1,22557272
4,1,1633
4,1,10405048
4,1,19404862
4,1,2256
4,1,116187
4,1,1953
4,1,18670662
4,1,18774020
4,1,18659415
4,1,18886735
4,1,19398490
4,1,22078596
4,1,1622
4,1,142296
4,1,17860739
4,1,108905
4,1,918095
4,1,771
4,1,17354
4,1,41786
4,1,22328
4,1,347610
4,1,235559
4,1,17855756
4,1,17563539
4,1,17333223
4,1,18131
4,1,4248
4,1,21314
4,1,2612
4,1,629604
4,1,10853
4,1,13453029
4,1,16033093
4,1,3759
4,1,14497
4,1,1903879
4,1,2118114
4,1,3055086
4,1,3757
4,1,18914012
4,1,12953520
4,1,86630
4,1,6987584
4,1,19764
4,1,231264
4,1,33600
4,1,12609433
4,1,75004
4,1,14366
4,1,12567957
4,1,3368
4,1,1027760
4,1,1010966
4,1,11869272
4,1,256008
4,1,3109
4,1,469571
4,1,19691
4,1,10139649
4,1,12961964
4,1,517266
4,1,9969571
4,1,9938498
4,1,1903878
4,1,180116
4,1,9418327
4,1,8648
4,1,32349
4,1,26899
4,1,77565
4,1,3977
4,1,830
4,1,1376
4,1,7112495
4,1,18920567
4,1,320
4,1,2140
4,1,18670661
4,1,49226
4,1,7315573
4,1,773858
4,1,77427
4,1,31139
4,1,32606
4,1,1898
4,1,9460786
4,1,20233943
4,1,1301
4,1,960
4,1,10148
4,1,361459
4,1,235324
4,1,18135
4,1,1384
4,1,5358
4,1,43536
4,1,6882
4,1,38840
4,1,3228917
4,1,18122
4,1,912
4,1,452196
4,1,43944
4,1,1003378
4,1,5494321
4,1,335813
4,1,3750
4,1,8714
4,1,2552
4,1,48855
4,1,85009
4,1,685
4,1,34993
4,1,105
4,1,106
4,1,66406
4,1,4648
4,1,112
4,1,69242
4,1,40958
4,1,4986701
4,1,1536419
4,1,37415
4,1,18490
4,1,117
4,1,41643
4,1,103
4,1,25019
4,1,123715
3,1,588146
3,1,41653
3,1,6337218
3,1,12296
3,1,32669
3,1,5720
3,1,353479
3,1,10146
3,1,19668
3,1,19675
3,1,19707
3,1,35097545
3,1,11275
3,1,279556
3,1,33395538
3,1,16981
3,1,7745
3,1,1317946
3,1,41716
3,1,5559
3,1,6411961
3,1,6452796
3,1,33947227
3,1,555313
3,1,6713575
3,1,6652906
3,1,8650
3,1,8684868
3,1,8296156
3,1,424587
3,1,7905092
3,1,29058155
3,1,760111
3,1,513207
3,1,9151181
3,1,9850443
3,1,216443
3,1,11223478
3,1,1119327
3,1,263012
3,1,797268
3,1,12969594
3,1,54812
3,1,19687
3,1,302618
3,1,262963
3,1,37609
3,1,1032760
3,1,8694005
3,1,7668
3,1,7679
3,1,7667
3,1,13239822
3,1,762806
3,1,242268
3,1,629566
3,1,9339
3,1,191669
3,1,18455
3,1,17306293
3,1,25410261
3,1,77168
3,1,856
3,1,6392944
3,1,17910054
3,1,54499
3,1,13148
3,1,28684704
3,1,1843
3,1,513158
3,1,4395
3,1,513173
3,1,161540
3,1,4902
3,1,685448
3,1,7661
3,1,7061
3,1,23158207
3,1,34497
3,1,52357
3,1,662
3,1,24128
3,1,760110
2,1,7672
2,1,19002
2,1,828
2,1,975
2,1,455373
2,1,77013
2,1,3396933
2,1,11125
2,1,8423493
2,1,7682
2,1,32542
1,1,35301333
1,1,129549
0,1,23014006
0,1,151
0,1,172313
0,1,318431
0,1,172645
0,1,18989
0,1,2279538
0,1,22320
0,1,181205
0,1,423305
0,1,2632830
0,1,2637318
0,1,428263
0,1,192378
0,1,393199
0,1,161789
0,1,160338
0,1,6383669
0,1,831635
0,1,876843
0,1,71730
0,1,155981
0,1,150731
0,1,4865
0,1,146274
0,1,145102
0,1,5558
0,1,5579
0,1,6867
0,1,2819368
0,1,143718
0,1,206157
0,1,2296567
0,1,2875137
0,1,2294328
0,1,143675
0,1,8140686
0,1,97782
0,1,2899681
0,1,16304
0,1,2278064
0,1,143999
0,1,12467
0,1,2213661
0,1,4264
0,1,137554
0,1,134231
0,1,132900
0,1,125466
0,1,218046
0,1,9715309
0,1,6699949
0,1,225111
0,1,684240
0,1,6050992
0,1,13642
0,1,115471
0,1,242472
0,1,1006087
0,1,33053
0,1,30597
0,1,685418
0,1,3023360
0,1,45546
0,1,101910
0,1,6565837
0,1,243725
0,1,93180
0,1,3054673
0,1,836610
0,1,315425
0,1,38315
0,1,245344
0,1,984021
0,1,1081413
0,1,92160
0,1,88666
0,1,17238
0,1,1998185
0,1,1995421
0,1,3973
0,1,84699
0,1,2590
0,1,164154
0,1,2638639
0,1,24280
0,1,70132
0,1,328854
0,1,5526
0,1,2493
0,1,68143
0,1,61329
0,1,4912857
0,1,3222979
0,1,255127
0,1,16631
0,1,6759
0,1,168642
0,1,18364442
0,1,36510196
0,1,87985
0,1,21484
0,1,133394
0,1,3251206
0,1,11452263
0,1,276079
0,1,3359
0,1,1839361
0,1,1837402
0,1,300024
0,1,16286
0,1,48019
0,1,3559
0,1,3308712
0,1,324735
0,1,324750
0,1,5043
0,1,43615
0,1,540020
0,1,29579
0,1,150771
0,1,1741472
0,1,228331
0,1,26245763
0,1,3389089
0,1,9742
0,1,27003
0,1,668
0,1,41868
0,1,41793
0,1,259028
0,1,345912
0,1,9854
0,1,50365
0,1,1105956
0,1,17780
0,1,64222
0,1,1617037
0,1,3621358
0,1,18891716
0,1,3829650
0,1,823
0,1,76852
0,1,354050
0,1,12067
0,1,18765
0,1,4191136
0,1,433567
0,1,4283645
0,1,472331
0,1,10959
0,1,166997
0,1,41506
0,1,341532
0,1,4866
0,1,102030
0,1,77507
0,1,34975
0,1,159178
0,1,6334
0,1,2615
0,1,19000
0,1,767171
0,1,8260364
0,1,383396
0,1,400019
0,1,92364
0,1,4365121
0,1,2845024
0,1,16121
0,1,1304344
0,1,6257535
0,1,6065215
0,1,6101138
0,1,159760
0,1,6242611
0,1,6277224
0,1,19809
0,1,7977385
0,1,7493
0,1,6326920
0,1,6342995
0,1,1707053
0,1,12111823
0,1,99219
0,1,6411016
0,1,408147
0,1,6411373
0,1,6419887
0,1,414001
0,1,38302
0,1,51291
0,1,6468251
0,1,1678664
0,1,6486483
0,1,6496815
0,1,13538873
0,1,6547865
0,1,6562380
0,1,6597651
0,1,22750073
0,1,6658783
0,1,6659874
0,1,6682430
0,1,514210
0,1,6719017
0,1,6732019
0,1,1111
0,1,32475
0,1,6902644
0,1,16130
0,1,1316
0,1,7015635
0,1,7039888
0,1,7132363
0,1,7141642
0,1,7148931
0,1,7157080
0,1,7268003
0,1,466878
0,1,9345
0,1,1203883
0,1,474621
0,1,7346787
0,1,486625
0,1,7495395
0,1,210817
0,1,7542136
0,1,7562764
0,1,7614793
0,1,7632329
0,1,7648967
0,1,7655974
0,1,10639
0,1,7723884
0,1,7830553
0,1,7935434
0,1,7954936
0,1,7997104
0,1,8138071
0,1,23801
0,1,8316125
0,1,8520610
0,1,17793936
0,1,8677247
0,1,8689913
0,1,8879516
0,1,8882247
0,1,514313
0,1,104342
0,1,9203287
0,1,94675
0,1,13585766
0,1,9534444
0,1,10872085
0,1,9724238
0,1,9744812
0,1,9844623
0,1,47212
0,1,9895917
0,1,9926516
0,1,61886
0,1,1137635
0,1,10054335
0,1,10127019
0,1,178788
0,1,10256723
0,1,10265805
0,1,10281556
0,1,10335318
0,1,10419045
0,1,22333
0,1,10644930
0,1,10723236
0,1,10893214
0,1,22149
0,1,11093329
0,1,13543093
0,1,20926
0,1,11223441
0,1,1903880
0,1,11387515
0,1,11457105
0,1,11468377
0,1,8649
0,1,3892685
0,1,11830394
0,1,114737
0,1,11910905
0,1,11936279
0,1,12030438
0,1,175675
0,1,12796483
0,1,1591959
0,1,27485
0,1,16690
0,1,17557750
0,1,12727969
0,1,612532
0,1,2054
0,1,18881101
0,1,12983631
0,1,13009546
0,1,17372
0,1,613547
0,1,13152847
0,1,13163846
0,1,13187824
0,1,15017
0,1,13330922
0,1,45252
0,1,10884
0,1,13414742
0,1,13425570
0,1,78508
0,1,13528
0,1,27523
0,1,13531802
0,1,13543159
0,1,15704307
0,1,13549531
0,1,588138
0,1,13588356
0,1,13588394
0,1,13722902
0,1,14335237
0,1,10631
0,1,16158596
0,1,18144124
0,1,14843814
0,1,15793509
0,1,15796700
0,1,2203
0,1,15801967
0,1,15803037
0,1,13622134
0,1,31675326
0,1,5592
0,1,15849559
0,1,20821043
0,1,15894541
0,1,15897036
0,1,13529069
0,1,16041810
0,1,5183
0,1,16044969
0,1,16071764
0,1,46164
0,1,16158577
0,1,16160797
0,1,16171221
0,1,16174968
0,1,16233761
0,1,17130524
0,1,17208457
0,1,17236175
0,1,685401
0,1,17212231
0,1,17262366
0,1,17286699
0,1,3646
0,1,383350
0,1,17349201
0,1,17333324
0,1,17333428
0,1,248189
0,1,17370059
0,1,17554595
0,1,647
0,1,955045
0,1,17732292
0,1,2081374
0,1,915182
0,1,17707720
0,1,17343416
0,1,139069
0,1,17288661
0,1,19322250
0,1,908943
0,1,17910549
0,1,17986396
0,1,18050143
0,1,3353
0,1,18170143
0,1,908296
0,1,2603
0,1,18214414
0,1,641601
0,1,18656827
0,1,2601
0,1,2512
0,1,256566
0,1,18453086
0,1,19161852
0,1,18465875
0,1,18505802
0,1,18736925
0,1,649383
0,1,18633693
0,1,18635165
0,1,18662189
0,1,18667753
0,1,18667945
0,1,18668059
0,1,349419
0,1,7090
0,1,18693394
0,1,18693910
0,1,18775365
0,1,682768
0,1,24189224
0,1,19132221
0,1,141565
0,1,19583491
0,1,20897517
0,1,891224
0,1,20484662
0,1,20527133
0,1,888524
0,1,20821080
0,1,20949716
0,1,21413662
0,1,22591134
0,1,21806197
0,1,190011
0,1,21856367
0,1,873993
0,1,22055137
0,1,23395719
0,1,905
0,1,25541028
0,1,668811
0,1,22609522
0,1,22749776
0,1,22738563
0,1,24113
0,1,8716
0,1,21474435
0,1,22544758
0,1,23002924
0,1,171921
0,1,23149647
0,1,44735
0,1,23168277
0,1,18423
0,1,24459855
0,1,168668
0,1,23214263
0,1,705170
0,1,1319
0,1,23677430
0,1,23848190
0,1,23848571
0,1,30422361
0,1,24396144
0,1,25319219
0,1,478
0,1,426682
0,1,25899336
0,1,25614523
0,1,25666050
0,1,25716722
0,1,25814544
0,1,29430012
0,1,25873887
0,1,25897720
0,1,33282947
0,1,26114127
0,1,26118426
0,1,26245038
0,1,26597296
0,1,26721984
0,1,26827093
0,1,27311335
0,1,27161156
0,1,809849
0,1,27209130
0,1,798828
0,1,27833614
0,1,31428717
0,1,28251002
0,1,541132
0,1,28259132
0,1,28260567
0,1,28363972
0,1,28503628
0,1,28876
0,1,96884
0,1,28820024
0,1,27539
0,1,29570143
0,1,33156573
0,1,83518
0,1,29905580
0,1,29939161
0,1,774321
0,1,30139664
0,1,30151122
0,1,30211956
0,1,30317415
0,1,8908
0,1,30334134
0,1,33571713
0,1,30622471
0,1,759945
0,1,31184479
0,1,32938155
0,1,31580409
0,1,31823677
0,1,31850765
0,1,32075825
0,1,764832
0,1,32197625
0,1,32283423
0,1,34082538
0,1,32283133
0,1,33859095
0,1,32620335
0,1,32895535
0,1,21704
0,1,33503613
0,1,33517540
0,1,33585392
0,1,10883
0,1,34017076
0,1,34376059
0,1,34427200
0,1,34467031
0,1,34684622
0,1,34728667
0,1,34890015
0,1,34974754
0,1,43691
0,1,6440775
0,1,35099161
0,1,35510925
0,1,35412097
0,1,35968998
0,1,40866
0,1,37657741
0,1,39669100
0,1,38770021
5,2,2595138
5,2,227463
5,2,84979
5,2,1885
5,2,18254
5,2,5759
5,2,968
5,2,20898092
5,2,10664113
5,2,3764
5,2,9549746
5,2,6673172
5,2,776457
5,2,122
5,2,168668
5,2,355697
5,2,3758
5,2,12996
5,2,14050
5,2,1067
5,2,234225
5,2,89691
5,2,7190
5,2,4214
5,2,10374068
5,2,3
5,2,6148028
5,2,13496
4,2,1472878
4,2,37190
4,2,2052
4,2,10917
4,2,6463967
4,2,2315264
4,2,6534
4,2,13497
4,2,981161
4,2,30003
4,2,427475
4,2,2767052
4,2,960
4,2,5060378
4,2,12
4,2,7677839
4,2,73127
4,2,8804878
4,2,12600138
4,2,40745
4,2,11529868
4,2,33507
3,2,1540
3,2,3233856
3,2,3763
3,2,387749
3,2,6543
0,2,22463
0,2,5043
0,2,28187
0,2,19374
0,2,2429135
0,2,39000
0,2,12296
0,2,41591
0,2,5572634
0,2,1934
0,2,7171637
0,2,577537
0,2,211099
0,2,7094339
0,2,14865
0,2,7801229
0,2,13537979
0,2,18867711
0,2,9361589
0,2,69130
0,2,11873007
0,2,24241
0,2,19286609
0,2,20930812
0,2,23301450
0,2,25663888
5,3,40
5,3,18007564
5,3,11084145
5,3,2998152
5,3,2485075
5,3,1078
5,3,8844
5,3,61535
5,3,838125
5,3,19373802
5,3,16115612
5,3,43245
5,3,3180187
5,3,258800
4,3,43244
4,3,1633
4,3,4514
4,3,43235
4,3,776
4,3,148050
4,3,1981704
4,3,563
4,3,335813
4,3,35289
4,3,46084
3,3,22435
3,3,3315855
3,3,792
3,3,1014
3,3,765567
3,3,4739
3,3,1960593
3,3,222636
3,3,4623
3,3,43236
3,3,43240
3,3,2946249
3,3,1391267
2,3,3139927
2,3,1216659
2,3,41870
2,3,553
2,3,1300228
1,3,43239
1,3,493354
0,3,19173642
0,3,17262203
0,3,16130549
0,3,15843172
0,3,17262134
0,3,17571007
0,3,18295861
0,3,21418013
0,3,23618065
5,4,815985
5,4,773276
5,4,11345770
5,5,34040
5,5,5102
5,5,10222
5,5,10365
5,5,1151567
5,5,3331
5,5,3150
5,5,3644
5,5,36371903
5,5,9653
5,5,2904210
5,5,142086
5,5,41363
5,5,33863667
5,5,674749
5,5,822338
5,5,28818350
5,5,28699343
5,5,7242397
5,5,655
5,5,50
5,5,77770
5,5,25899336
5,5,23359966
5,5,24001087
5,5,2804
5,5,10975
5,5,1151568
5,5,3143
5,5,3146
5,5,3151
5,5,3480
5,5,3711
5,5,22823462
5,5,37909
5,5,24583
5,5,5933
5,5,37914
5,5,18595409
5,5,7243
5,5,781787
5,5,22115809
5,5,8068
5,5,9193
5,5,32929
5,5,9230
5,5,9240
5,5,18143977
5,5,1213135
5,5,1087117
5,5,7053532
5,5,787540
5,5,16115612
5,5,46199
5,5,99664
5,5,13641387
5,5,13637360
5,5,5659
5,5,2052
5,5,3562
5,5,6319
5,5,13586873
5,5,13586707
5,5,13526269
5,5,13429746
5,5,13414676
5,5,7190
5,5,15507958
5,5,7607
5,5,24051
5,5,24054
5,5,24137
5,5,774576
5,5,13526165
5,5,13050383
5,5,31314
5,5,10964693
5,5,29544
5,5,23919
5,5,30132
5,5,10585025
5,5,10482375
5,5,6727
5,5,1033120
5,5,10478031
5,5,1300866
5,5,156538
5,5,35339
5,5,35706
5,5,1129939
5,5,33514
5,5,37272
5,5,23856
5,5,10443179
5,5,3788
5,5,10054335
5,5,10037
5,5,11036895
5,5,9709934
5,5,3008
5,5,5148
5,5,23426
5,5,42384
5,5,43132
5,5,43138
5,5,43141
5,5,8988888
5,5,19307
5,5,8235404
5,5,44866
5,5,59716
5,5,32923
5,5,10836813
5,5,6625222
5,5,104263
5,5,7362158
5,5,7360523
5,5,50725
5,5,7331435
5,5,58654
5,5,6150
5,5,12985
5,5,77764
5,5,7091370
5,5,543164
5,5,7061619
5,5,774597
5,5,6705653
5,5,6559778
5,5,9809
5,5,6480781
5,5,8213519
5,5,6418815
5,5,6407014
5,5,31122
5,5,102565
5,5,543167
5,5,6314763
5,5,27457
5,5,44905
5,5,77995
5,5,78078
5,5,685447
5,5,11035
5,5,48132
5,5,6517
5,5,6862
5,5,1226
5,5,4197
5,5,865
5,5,4667024
5,5,10799
5,5,223681
5,5,488884
5,5,24058
5,5,9624
5,5,3087
5,5,9717
5,5,1140753
5,5,92230
5,5,48
5,5,108182
5,5,907272
5,5,6327
5,5,36511814
5,5,4687
5,5,3776
5,5,6667
5,5,460548
5,5,3645
5,5,48461
5,5,11320
5,5,1527776
5,5,3596452
5,5,39034
5,5,5507
5,5,128155
5,5,6988014
5,5,9804
5,5,930
5,5,3565
5,5,2255
5,5,8127
5,5,8600
5,5,4069
5,5,87714
5,5,144187
5,5,141931
5,5,141935
5,5,13039
5,5,1021634
5,5,9822
5,5,39926
5,5,1381
5,5,14891
5,5,6690
5,5,53240
5,5,28921
5,5,8947
5,5,32901
5,5,903
5,5,11994
5,5,564830
5,5,179538
5,5,38747
5,5,98906
5,5,3276669
5,5,3156
5,5,162932
5,5,3276667
5,5,3412
5,5,1165806
5,5,5439
5,5,23422
5,5,168560
5,5,61
5,5,93
5,5,874
5,5,819044
5,5,176353
5,5,77554
5,5,177335
5,5,178186
5,5,2956
5,5,325421
5,5,179237
5,5,297673
5,5,4009
5,5,423177
5,5,179261
5,5,179287
5,5,5297
5,5,179370
5,5,815985
5,5,1860392
5,5,179645
5,5,49628
5,5,128029
5,5,61549
5,5,428080
5,5,1450966
5,5,3867
5,5,1420
5,5,1624
5,5,774600
5,5,774557
5,5,543163
5,5,8852
5,5,768354
5,5,531445
5,5,24057
5,5,3102
5,5,32570572
5,5,37913
5,5,48131
5,5,1431778
5,5,1938441
5,5,24283
5,5,228333
5,5,29044
5,5,3163933
5,5,179579
5,5,2998
5,5,6059513
5,5,110590
5,5,7141148
5,5,7578
5,5,6671
5,5,1986026
5,5,774571
5,5,252923
5,5,726913
5,5,8906
5,5,253825
5,5,3791
5,5,14781236
5,5,3074639
5,5,808853
5,5,252268
5,5,262121
5,5,1885
5,5,7178
5,5,179335
5,5,2968166
5,5,774587
5,5,58922
5,5,343
5,5,709202
5,5,108748
5,5,160605
5,5,29744
5,5,824204
5,5,11012
5,5,19308
5,5,3049
5,5,1617
5,5,30933
5,5,29641
5,5,286
5,5,13023
5,5,819048
5,5,19302
5,5,117956
5,5,93380
5,5,19314
5,5,160680
5,5,685973
5,5,12957
5,5,124507
5,5,42407
5,5,11220
5,5,11849
5,5,122
5,5,19321
5,5,304
5,5,130028
5,5,5544
5,5,331169
5,5,654425
5,5,19380
5,5,162849
5,5,341879
5,5,71292
5,5,774544
5,5,4645
5,5,2749672
5,5,3569
5,5,3388
5,5,8844
5,5,152380
5,5,2175
5,5,6310
5,5,2735237
5,5,11438
5,5,71301
5,5,38752
5,5,621966
5,5,3774
5,5,2657953
5,5,356321
5,5,621963
5,5,162825
5,5,615570
5,5,404408
5,5,2836
5,5,179238
5,5,42914
5,5,5137
5,5,4627
5,5,38486
5,5,431668
5,5,1794859
5,5,420297
5,5,162898
5,5,449589
5,5,2581004
5,5,4406
5,5,564037
5,5,2534987
5,5,7062
5,5,787458
5,5,548729
5,5,2319839
5,5,33375
5,5,12938
5,5,2802
5,5,485894
5,5,373036
5,5,11121
5,5,9734
5,5,2419069
5,5,155
5,5,62111
5,5,2442253
5,5,30043
4,5,3402
4,5,316845
4,5,3758
4,5,2502417
4,5,3326
4,5,9888
4,5,6689
4,5,1362
4,5,2974
4,5,13173
4,5,2520149
4,5,4600
4,5,135484
4,5,2530
4,5,3107
4,5,6952
4,5,2334921
4,5,1
4,5,31491
4,5,124099
4,5,318638
4,5,30868
4,5,10065
4,5,8253
4,5,41457
4,5,1020312
4,5,573876
4,5,18033
4,5,46204
4,5,2283911
4,5,319300
4,5,8337
4,5,7036
4,5,10460
4,5,18114083
4,5,2746876
4,5,401889
4,5,25051
4,5,10
4,5,613283
4,5,14652010
4,5,3077
4,5,15779
4,5,4621256
4,5,365311
4,5,17529
4,5,1075501
4,5,636629
4,5,638520
4,5,14507
4,5,5797
4,5,3677
4,5,344476
4,5,76611
4,5,14781355
4,5,4989
4,5,1257465
4,5,13330599
4,5,9375
4,5,1451568
4,5,2871107
4,5,951443
4,5,103390
4,5,1049108
4,5,15997
4,5,4137
4,5,303434
4,5,3764
4,5,19596
4,5,2068620
4,5,31335
4,5,25052
4,5,268464
4,5,12621555
4,5,10803061
4,5,31139
4,5,968
4,5,6669
4,5,5890
4,5,35710
4,5,295
4,5,37834
4,5,9938498
4,5,86329
4,5,9442038
4,5,47021
4,5,2038033
4,5,30919
4,5,8882001
4,5,1965832
4,5,507834
4,5,2686421
4,5,77430
4,5,13001
4,5,8841
4,5,742718
4,5,7763
4,5,19400
4,5,1155288
4,5,224665
4,5,658035
4,5,340258
4,5,8178713
4,5,7907803
4,5,93818
4,5,28862
4,5,2696
4,5,38262
4,5,80897
4,5,2187
4,5,10614
4,5,34268
4,5,1935
4,5,3398
4,5,7714
4,5,7315573
4,5,108218
4,5,223031
4,5,37673
4,5,1010966
4,5,3238763
4,5,82192
4,5,179631
4,5,179406
4,5,7312111
4,5,2655
4,5,179122
4,5,3257275
4,5,4447859
4,5,378
4,5,6684260
4,5,6726912
4,5,84527
4,5,6200
4,5,7526
4,5,77262
4,5,979186
4,5,168565
4,5,739484
4,5,10956
4,5,827340
4,5,6327917
4,5,166194
4,5,3980
4,5,40189
4,5,955516
4,5,18423
4,5,14286
4,5,3282812
4,5,8282
4,5,18373
4,5,18135
4,5,3110
4,5,76355
4,5,2443
4,5,2552
4,5,6240327
4,5,108771
4,5,23341
4,5,11022
4,5,3782
4,5,30118
4,5,851678
4,5,2735
4,5,7882
4,5,1678369
4,5,3
4,5,1596540
4,5,3309372
4,5,3228917
4,5,9327
4,5,10917
4,5,3685
4,5,32946
4,5,5084
4,5,1295
4,5,831709
4,5,3741
4,5,119324
4,5,866314
4,5,43944
4,5,101112
4,5,9290
4,5,7603
4,5,130824
4,5,685
4,5,2834
4,5,127634
4,5,66406
4,5,1541298
4,5,126215
4,5,6489706
4,5,3392001
4,5,19351
4,5,3784
4,5,1622
4,5,6613956
4,5,905821
4,5,10453
3,5,119079
3,5,29933
3,5,3437
3,5,119322
3,5,10622
3,5,331695
3,5,11466
3,5,1575987
3,5,118345
3,5,11046
3,5,373028
3,5,857529
3,5,179456
3,5,2865
3,5,13214
3,5,18405
3,5,87519
3,5,32533
3,5,12296
3,5,91244
3,5,19501
3,5,1682706
3,5,659394
3,5,7061
3,5,147791
3,5,831845
3,5,162899
3,5,4473
3,5,37740
3,5,6393891
3,5,11486
3,5,7455
3,5,174670
3,5,3763
3,5,179327
3,5,70944
3,5,776407
3,5,202878
3,5,5177
3,5,7905092
3,5,3759
3,5,41865
3,5,369780
3,5,130520
3,5,1232
3,5,1332474
3,5,84981
3,5,235902
3,5,32071
3,5,249823
3,5,992612
3,5,91247
3,5,80978
3,5,1159696
3,5,882278
3,5,11713
3,5,149477
3,5,2443573
3,5,33926
3,5,11015
3,5,31138
3,5,78039
3,5,2944874
3,5,225219
3,5,4395
3,5,2070566
3,5,673365
3,5,80670
3,5,179059
3,5,4916
3,5,6440
3,5,168564
3,5,15782
3,5,23204
3,5,2767052
3,5,37651
3,5,91248
3,5,644740
3,5,3780
3,5,639787
3,5,14050
3,5,14497
3,5,7598648
3,5,352156
3,5,6614
3,5,37609
3,5,2183837
3,5,2932
3,5,4956953
3,5,1217526
3,5,2131
3,5,1159679
3,5,2290289
3,5,9220
3,5,55876
3,5,7850
3,5,563474
3,5,1109407
3,5,91605
3,5,56351
3,5,48398
3,5,19494
3,5,486167
3,5,44521
3,5,546479
3,5,46064
3,5,37732
3,5,11587
3,5,19330
3,5,11275
3,5,24213
3,5,2510022
3,5,9011
3,5,142492
3,5,6424171
2,5,6687
2,5,7208
2,5,244422
2,5,155176
2,5,6183
2,5,1658285
2,5,71726
2,5,12590
2,5,3623
2,5,685456
2,5,898885
2,5,6149
2,5,18342
2,5,165055
2,5,86327
2,5,3648
2,5,4486
2,5,44559
2,5,2973901
2,5,298372
2,5,5219
2,5,1658286
2,5,2694688
2,5,3796
2,5,2060431
2,5,507884
2,5,507894
2,5,507898
2,5,2409550
2,5,2188254
2,5,2188256
2,5,2188255
1,5,12232938
1,5,6035
1,5,466184
1,5,360
1,5,960
1,5,179623
1,5,13
1,5,18122
1,5,12
1,5,104
1,5,234225
1,5,98752
1,5,274
1,5,5759
1,5,6487537
1,5,305317
1,5,10873
0,5,16099182
0,5,341726
0,5,24732
0,5,1051588
0,5,9530
0,5,1044059
0,5,14096
0,5,107318
0,5,180467
0,5,14662
0,5,498835
0,5,158005
0,5,98573
0,5,50727
0,5,263601
0,5,19117
0,5,56616
0,5,102000
0,5,1025249
0,5,26506
0,5,28381
0,5,1324372
0,5,1326456
0,5,1009845
0,5,1328088
0,5,825438
0,5,12447
0,5,28305
0,5,233504
0,5,1342999
0,5,1001309
0,5,1346507
0,5,998354
0,5,1352652
0,5,175078
0,5,99329
0,5,2767374
0,5,57736
0,5,45181
0,5,588138
0,5,1373381
0,5,983942
0,5,1377932
0,5,95429
0,5,4422
0,5,131851
0,5,347698
0,5,14684
0,5,19392
0,5,949948
0,5,949929
0,5,1398830
0,5,77287
0,5,949515
0,5,5489100
0,5,1252662
0,5,775366
0,5,48467
0,5,1407041
0,5,207333
0,5,868732
0,5,900065
0,5,1419462
0,5,35743
0,5,1435928
0,5,3679
0,5,510247
0,5,920093
0,5,1442745
0,5,29127
0,5,205821
0,5,900068
0,5,5527
0,5,19089
0,5,104039
0,5,1478017
0,5,3399860
0,5,54899
0,5,25930
0,5,910039
0,5,144960
0,5,1505878
0,5,15931
0,5,25645
0,5,1513722
0,5,526927
0,5,91362
0,5,1521492
0,5,37741
0,5,1521497
0,5,1521503
0,5,10765
0,5,1526397
0,5,141565
0,5,132376
0,5,1158380
0,5,1534603
0,5,1538624
0,5,2967752
0,5,6707736
0,5,1539785
0,5,1539787
0,5,395182
0,5,1543796
0,5,117833
0,5,886251
0,5,15047
0,5,1559840
0,5,18945208
0,5,37380
0,5,5826
0,5,1062135
0,5,870506
0,5,512859
0,5,866284
0,5,28405
0,5,57485
0,5,862151
0,5,373755
0,5,87580
0,5,92780
0,5,11198
0,5,173781
0,5,1621263
0,5,1621264
0,5,1623748
0,5,10218
0,5,859230
0,5,10235
0,5,857333
0,5,12474
0,5,269136
0,5,60931
0,5,7815
0,5,396805
0,5,339218
0,5,1674903
0,5,1678339
0,5,14942
0,5,534963
0,5,17125
0,5,846381
0,5,1687353
0,5,3399
0,5,842453
0,5,230550
0,5,55428
0,5,842206
0,5,125404
0,5,7317120
0,5,773038
0,5,662
0,5,831382
0,5,1740070
0,5,383206
0,5,825776
0,5,15054
0,5,11741
0,5,1072226
0,5,15860
0,5,153529
0,5,106882
0,5,7805
0,5,16393
0,5,1778483
0,5,818567
0,5,1784951
0,5,1785614
0,5,1785695
0,5,62794
0,5,4813
0,5,2940062
0,5,56034
0,5,14595
0,5,42697
0,5,563782
0,5,1837421
0,5,1837424
0,5,1837426
0,5,1837430
0,5,525561
0,5,817315
0,5,126710
0,5,145385
0,5,55563
0,5,1861700
0,5,7585
0,5,233389
0,5,174711
0,5,1129297
0,5,264678
0,5,779230
0,5,7628
0,5,776598
0,5,11366
0,5,775647
0,5,528680
0,5,122649
0,5,720512
0,5,16640
0,5,1022568
0,5,759313
0,5,11731381
0,5,45793
0,5,758011
0,5,751880
0,5,1230853
0,5,28012
0,5,12172
0,5,50615
0,5,88815
0,5,728468
0,5,1963466
0,5,738234
0,5,732230
0,5,104837
0,5,728484
0,5,728477
0,5,10739
0,5,728461
0,5,728456
0,5,6538061
0,5,2006825
0,5,178813
0,5,60792
0,5,726176
0,5,153575
0,5,55008
0,5,560535
0,5,714033
0,5,2022504
0,5,712963
0,5,711443
0,5,705170
0,5,2047878
0,5,702147
0,5,694578
0,5,702559
0,5,11989
0,5,6122879
0,5,115476
0,5,689025
0,5,11038
0,5,674181
0,5,2076643
0,5,2089368
0,5,673207
0,5,608216
0,5,98047
0,5,665281
0,5,146746
0,5,92303
0,5,46799
0,5,6001566
0,5,88077
0,5,2124633
0,5,1811893
0,5,644478
0,5,47059
0,5,639424
0,5,34452
0,5,635102
0,5,2177370
0,5,817565
0,5,30005
0,5,144214
0,5,2666
0,5,885541
0,5,618520
0,5,446542
0,5,3360773
0,5,6751
0,5,614249
0,5,269713
0,5,417549
0,5,11650
0,5,2232831
0,5,83143
0,5,599412
0,5,41219
0,5,110896
0,5,596355
0,5,67141
0,5,2251306
0,5,2804776
0,5,4625979
0,5,2261465
0,5,76527
0,5,3089067
0,5,391721
0,5,18061
0,5,733175
0,5,17150
0,5,572893
0,5,569079
0,5,411053
0,5,557889
0,5,94486
0,5,1297985
0,5,2302650
0,5,1057543
0,5,5427
0,5,70105
0,5,35220
0,5,69091
0,5,50275
0,5,2321225
0,5,2321457
0,5,6566712
0,5,17768
0,5,553783
0,5,544508
0,5,543173
0,5,543086
0,5,2360064
0,5,338798
0,5,82356
0,5,393199
0,5,537661
0,5,53003
0,5,2529
0,5,56759
0,5,106952
0,5,2392839
0,5,153747
0,5,104260
0,5,105548
0,5,415836
0,5,24687
0,5,1129315
0,5,846065
0,5,514346
0,5,1654201
0,5,76865
0,5,1109858
0,5,687278
0,5,2458206
0,5,34053
0,5,1591
0,5,114511
0,5,6871
0,5,1317696
0,5,218357
0,5,507837
0,5,507836
0,5,971088
0,5,2505162
0,5,2505576
0,5,2091415
0,5,837890
0,5,501175
0,5,965019
0,5,497499
0,5,488318
0,5,2524597
0,5,127227
0,5,5186
0,5,462660
0,5,6613
0,5,1203812
0,5,458538
0,5,38290
0,5,12194
0,5,451720
0,5,3068
0,5,2167397
0,5,231849
0,5,17716
0,5,437792
0,5,3762
0,5,2617904
0,5,424865
0,5,419398
0,5,407770
0,5,2641587
0,5,3019018
0,5,475339
0,5,174713
0,5,41667
0,5,4596535
0,5,388787
0,5,180617
0,5,2665989
0,5,384663
0,5,379079
0,5,953435
0,5,376465
0,5,1189454
0,5,198496
0,5,8296739
0,5,8787
0,5,427475
0,5,76479
0,5,2733156
0,5,80453
0,5,15613
0,5,226759
0,5,355789
0,5,529243
0,5,354625
0,5,350250
0,5,169718
0,5,18271
0,5,345912
0,5,344952
0,5,2760444
0,5,337879
0,5,13006
0,5,900070
0,5,900072
0,5,900066
0,5,183999
0,5,2790047
0,5,336734
0,5,2808405
0,5,1000751
0,5,822187
0,5,217518
0,5,201138
0,5,4902
0,5,2183
0,5,7354
0,5,2858656
0,5,54620
0,5,31244
0,5,150472
0,5,263599
0,5,310070
0,5,310039
0,5,306822
0,5,304748
0,5,300841
0,5,105999
0,5,197472
0,5,2898390
0,5,12914
0,5,292408
0,5,291325
0,5,8248
0,5,1053029
0,5,7445
0,5,274527
0,5,273423
0,5,31242
0,5,4271
0,5,17690
0,5,1451662
0,5,263641
0,5,900089
0,5,263621
0,5,263615
0,5,263614
0,5,263608
0,5,5809
0,5,527523
0,5,263605
0,5,91253
0,5,263254
0,5,37638
0,5,157685
0,5,3046747
0,5,261677
0,5,17693783
0,5,5326
0,5,267123
0,5,1189091
0,5,43121
0,5,255653
0,5,205476
0,5,255049
0,5,32585
0,5,2519
0,5,1120114
0,5,41977
0,5,3121307
0,5,598506
0,5,15622
0,5,2437342
0,5,3132672
0,5,51496
0,5,245524
0,5,125190
0,5,7911
0,5,234370
0,5,232888
0,5,232368
0,5,227896
0,5,227594
0,5,224285
0,5,156599
0,5,222328
0,5,214528
0,5,206035
0,5,205057
0,5,3191446
0,5,846066
0,5,201139
0,5,201111
0,5,728471
0,5,198033
0,5,1783750
0,5,3400
0,5,3396
0,5,189644
0,5,187633
0,5,4912857
0,5,381362
0,5,10207258
0,5,4952
0,5,181980
0,5,6759
0,5,963274
0,5,1227311
0,5,180506
0,5,19728202
0,5,1924066
0,5,2238642
0,5,1309050
0,5,444347
0,5,179245
0,5,728482
0,5,3256532
0,5,33507
0,5,816752
0,5,169756
0,5,7588
0,5,125321
0,5,290882
0,5,168214
0,5,43448
0,5,1169674
0,5,778310
0,5,161402
0,5,161242
0,5,38706
0,5,160610
0,5,3283093
0,5,398323
0,5,158271
0,5,156591
0,5,6194
0,5,155207
0,5,3297175
0,5,153530
0,5,270032
0,5,1918305
0,5,23982
0,5,14264
0,5,150343
0,5,9915
0,5,150104
0,5,145286
0,5,143428
0,5,6969
0,5,143100
0,5,644037
0,5,19371645
0,5,241457
0,5,136066
0,5,4934
0,5,7144
0,5,3359595
0,5,49465
0,5,5296
0,5,43641
0,5,3412881
0,5,7103
0,5,135158
0,5,3448728
0,5,130002
0,5,3460863
0,5,128521
0,5,3476509
0,5,127684
0,5,3590213
0,5,857502
0,5,1147696
0,5,3836
0,5,246546
0,5,3690187
0,5,3693208
0,5,3701590
0,5,3717320
0,5,4070421
0,5,121986
0,5,120254
0,5,113387
0,5,109830
0,5,86658
0,5,3862861
0,5,109771
0,5,6398581
0,5,4052110
0,5,107322
0,5,4162471
0,5,4171743
0,5,2422792
0,5,721007
0,5,4271806
0,5,4291946
0,5,32994
0,5,4396202
0,5,103300
0,5,4443604
0,5,4460587
0,5,45195
0,5,103292
0,5,24100
0,5,335090
0,5,2193815
0,5,98686
0,5,98374
0,5,12749
0,5,371456
0,5,92936
0,5,4836021
0,5,656
0,5,5693
0,5,7381740
0,5,5301920
0,5,5376520
0,5,5408376
0,5,5489641
0,5,5533128
0,5,5596263
0,5,6280379
0,5,5713272
0,5,9215558
0,5,5868316
0,5,18839
0,5,5932254
0,5,517188
0,5,5969770
0,5,5970143
0,5,63913
0,5,331319
0,5,6013046
0,5,4929
0,5,6063238
0,5,6083716
0,5,6084301
0,5,6520929
0,5,6101718
0,5,6105964
0,5,6111964
0,5,512704
0,5,19067276
0,5,12279
0,5,6260997
0,5,54666
0,5,15797938
0,5,6280118
0,5,6280473
0,5,76345
0,5,75367
0,5,6357525
0,5,6364068
0,5,75291
0,5,6366437
0,5,6387626
0,5,739202
0,5,6395470
0,5,75180
0,5,59145
0,5,6422680
0,5,6441233
0,5,6452760
0,5,71806
0,5,32275
0,5,27690
0,5,6493208
0,5,8594551
0,5,6496815
0,5,6542739
0,5,8937121
0,5,68985
0,5,6567378
0,5,6576576
0,5,6576583
0,5,7976897
0,5,6584510
0,5,6605281
0,5,6611643
0,5,6611646
0,5,6611651
0,5,6611663
0,5,6611664
0,5,6611667
0,5,6611674
0,5,6611979
0,5,6648001
0,5,7186
0,5,6660587
0,5,6671664
0,5,6698001
0,5,6705000
0,5,5599679
0,5,67270
0,5,6728738
0,5,10479907
0,5,6827652
0,5,6834410
0,5,6909130
0,5,6913830
0,5,6966233
0,5,6991005
0,5,7015403
0,5,7015635
0,5,12165
0,5,65278
0,5,7067336
0,5,61060
0,5,8082145
0,5,7121410
0,5,7152646
0,5,7176578
0,5,7181116
0,5,7215140
0,5,7239616
0,5,7242136
0,5,7274337
0,5,7280539
0,5,61026
0,5,61024
0,5,7325715
0,5,51296
0,5,14546
0,5,50135
0,5,39937
0,5,48564
0,5,7505764
0,5,7519866
0,5,7539418
0,5,7597904
0,5,7603153
0,5,1500209
0,5,7747422
0,5,7803386
0,5,7816258
0,5,7840834
0,5,7864535
0,5,7906903
0,5,7907782
0,5,594139
0,5,83144
0,5,22440046
0,5,13037
0,5,8192278
0,5,204286
0,5,8268599
0,5,8376990
0,5,8428716
0,5,10444902
0,5,8473413
0,5,8518218
0,5,6969460
0,5,8542739
0,5,8558587
0,5,8630312
0,5,8660865
0,5,8721696
0,5,8326288
0,5,8846304
0,5,16172
0,5,4953
0,5,9017452
0,5,9191102
0,5,9266769
0,5,9718044
0,5,9302502
0,5,9311904
0,5,9346764
0,5,9381486
0,5,23425
0,5,40929
0,5,3464217
0,5,159760
0,5,9492104
0,5,9669151
0,5,1139856
0,5,39021
0,5,9723661
0,5,9862761
0,5,9883071
0,5,38524
0,5,9956705
0,5,9999107
0,5,38329
0,5,10189391
0,5,10283435
0,5,10306358
0,5,10381725
0,5,10396921
0,5,37378
0,5,32280
0,5,845978
0,5,13091294
0,5,30567
0,5,10692646
0,5,29209
0,5,850882
0,5,11054019
0,5,11107244
0,5,11336009
0,5,11411970
0,5,11447921
0,5,11520381
0,5,11709037
0,5,11717571
0,5,13707595
0,5,11855663
0,5,12051722
0,5,12239509
0,5,24355
0,5,527756
0,5,12267401
0,5,12352452
0,5,12417705
0,5,12435166
0,5,12475019
0,5,26023
0,5,12520700
0,5,25089
0,5,24998
0,5,12649718
0,5,228192
0,5,12666439
0,5,12676712
0,5,12686547
0,5,13152287
0,5,12975068
0,5,12987034
0,5,16138688
0,5,13069187
0,5,13069332
0,5,13129501
0,5,13152194
0,5,13158800
0,5,13159149
0,5,13162988
0,5,13166621
0,5,13240418
0,5,15701217
0,5,13260188
0,5,13281003
0,5,216377
0,5,13330922
0,5,13373487
0,5,13384575
0,5,21199
0,5,13422401
0,5,7998500
0,5,23692271
0,5,13482753
0,5,15015015
0,5,21182
0,5,13573517
0,5,16809
0,5,527334
0,5,13588101
0,5,13591295
0,5,13593970
0,5,764436
0,5,13623847
0,5,13847
0,5,13465
0,5,13723837
0,5,13624688
0,5,14568987
0,5,8099677
0,5,18144124
0,5,14841582
0,5,907260
0,5,15712352
0,5,15790842
0,5,10890
0,5,15792978
0,5,15797226
0,5,15797962
0,5,15799351
0,5,15803141
0,5,15803037
0,5,15808296
0,5,15811543
0,5,15815333
0,5,15815364
0,5,15819171
0,5,15818077
0,5,16085481
0,5,15918895
0,5,16000300
0,5,16002674
0,5,16002685
0,5,16005239
0,5,16045023
0,5,16045166
0,5,16081272
0,5,17465453
0,5,12103
0,5,16127243
0,5,16142053
0,5,16148375
0,5,16158542
0,5,16176440
0,5,16181775
0,5,16233475
0,5,16250904
0,5,17194879
0,5,250041
0,5,3761
0,5,411476
0,5,17333223
0,5,17415010
0,5,11112
0,5,3394
0,5,17573647
0,5,17834895
0,5,17851885
0,5,17910544
0,5,17920210
0,5,17934652
0,5,17934655
0,5,17978134
0,5,17993062
0,5,18050143
0,5,18111281
0,5,18114068
0,5,10669
0,5,9248
0,5,26857557
0,5,18736672
0,5,18218954
0,5,18293427
0,5,36687283
0,5,18240248
0,5,18302455
0,5,18405580
0,5,7989
0,5,18589836
0,5,7101
0,5,18505796
0,5,22237214
0,5,18693763
0,5,18693910
0,5,18775365
0,5,18802396
0,5,18813645
0,5,5070895
0,5,20819685
0,5,19486412
0,5,20263213
0,5,20342617
0,5,20439328
0,5,20454102
0,5,18773666
0,5,20695981
0,5,20893483
0,5,31173
0,5,46164
0,5,4337
0,5,22173463
0,5,22244927
0,5,25622752
0,5,3900
0,5,22587574
0,5,22674105
0,5,22675867
0,5,22675959
0,5,22822858
0,5,22875451
0,5,22929741
0,5,2253
0,5,23167708
0,5,23168823
0,5,26245850
0,5,1633
0,5,24432412
0,5,24723229
0,5,24694237
0,5,24945396
0,5,31138556
0,5,25489351
0,5,905
0,5,25812847
0,5,25614905
0,5,7035852
0,5,25817493
0,5,190576
0,5,25852784
0,5,25893693
0,5,25982610
0,5,26195954
0,5,29340182
0,5,26795372
0,5,32620332
0,5,26854212
0,5,27040143
0,5,36036503
0,5,7437
0,5,153525
0,5,27246115
0,5,32503381
0,5,26795330
0,5,28214365
0,5,30555488
0,5,28257707
0,5,28434290
0,5,28439554
0,5,28449270
0,5,28691818
0,5,14889
0,5,27584
0,5,29100282
0,5,29214420
0,5,424
0,5,32075671
0,5,29780253
0,5,29864343
0,5,29874881
0,5,29903140
0,5,29983711
0,5,30039048
0,5,30139695
0,5,30622471
0,5,33947227
0,5,33295822
0,5,31423188
0,5,31451082
0,5,31937362
0,5,33143055
0,5,33002445
0,5,33594375
0,5,30852
0,5,34272565
0,5,34312336
0,5,34445377
0,5,34736004
0,5,34749845
0,5,549299
0,5,34964944
0,5,35412097
0,5,36149506
0,5,34941133
0,5,67762
0,5,36975276
0,5,37709037
0,5,4320708
5,6,18143977
5,6,11250317
5,6,14050
5,6,3867
5,6,67
5,6,874
4,6,3591262
4,6,128029
4,6,2187
4,6,284066
4,6,122
4,6,11250053
4,6,556602
3,6,41865
3,6,213233
3,6,10441
3,6,13526165
3,6,49436
3,6,4144
3,6,21996
3,6,1843
0,6,359770
0,6,6834410
0,6,19288043
0,6,81227
0,6,10114127
0,6,47780
0,6,2195464
0,6,11870085
0,6,49041
0,6,15797715
0,6,15776781
0,6,15793876
0,6,10032672
5,7,28815
5,7,21482140
5,7,3788053
5,7,6902380
5,7,94318
5,7,5100525
5,7,865
5,7,629
5,7,295816
5,7,77203
5,7,128029
5,7,2199
5,7,3636
5,7,152
5,7,2120783
5,7,27533
5,7,375802
4,7,69242
4,7,6647469
4,7,760013
4,7,66354
4,7,75004
4,7,2767052
4,7,107420
4,7,968
4,7,52036
4,7,12
4,7,960
4,7,289028
3,7,899345
3,7,46756
3,7,1842
3,7,262963
3,7,7260188
3,7,40102
2,7,475
0,7,15744759
0,7,9547888
5,8,10365
5,8,28595941
5,8,28114515
5,8,2728527
5,8,8844
5,8,1
5,8,865
5,8,24178
5,8,2767052
5,8,4667024
5,8,10681
5,8,28815
5,8,3
5,8,7029955
5,8,828387
5,8,20170404
5,8,20174424
5,8,6377125
5,8,12794078
5,8,19486412
5,8,7260188
5,8,7046858
5,8,6892870
5,8,18405
5,8,77203
5,8,7526
5,8,18077903
5,8,2199
5,8,596963
5,8,1232
5,8,2113260
5,8,2429135
5,8,1768603
5,8,15704459
5,8,237209
5,8,18007564
5,8,6192
5,8,968
5,8,17182126
5,8,15795155
5,8,27000
4,8,7144
4,8,13569581
4,8,61690
4,8,1379961
4,8,16043857
4,8,7445
4,8,17910048
4,8,10541
4,8,19103097
4,8,178357
4,8,3153910
4,8,74616
4,8,44652
4,8,17910124
4,8,68494
4,8,3236307
4,8,784911
4,8,18138189
4,8,5217282
4,8,18143977
4,8,19288043
4,8,227265
4,8,8442457
4,8,67825
4,8,2146957
4,8,13618440
4,8,7778609
4,8,18775247
4,8,7745326
4,8,11588
4,8,20168816
4,8,43641
4,8,9031
4,8,40958
4,8,7184066
4,8,19063
4,8,20170296
4,8,33331
4,8,33010
4,8,18402
4,8,2161733
4,8,1914973
4,8,21535271
4,8,6101718
4,8,7243142
4,8,1633
4,8,5776788
4,8,40024
3,8,4137
3,8,482978
3,8,5714584
3,8,7069
3,8,137791
3,8,6506085
3,8,645180
3,8,4374400
3,8,3437
3,8,6942981
3,8,7098979
3,8,2451840
3,8,7311907
3,8,23341
3,8,7967970
3,8,7190
3,8,3355159
3,8,662
3,8,17470674
3,8,829616
3,8,6288
3,8,18373
3,8,13707738
3,8,9579634
3,8,9917938
3,8,1935
3,8,1911
3,8,556180
3,8,11986736
3,8,10752591
3,8,2519
3,8,11297320
3,8,11870085
3,8,2956
3,8,9397
3,8,18880361
3,8,12812550
3,8,263982
3,8,70535
3,8,6900
3,8,97905
3,8,177334
3,8,26863057
3,8,17934530
3,8,18077769
3,8,93794
3,8,2776527
3,8,18144009
3,8,20509356
3,8,10669
3,8,2982
3,8,22733729
3,8,25489625
3,8,1097
3,8,350540
3,8,19053660
2,8,618399
2,8,2674
2,8,3766
2,8,21148515
2,8,36033
2,8,9617800
2,8,5954
2,8,163365
2,8,2385601
2,8,9384
1,8,154341
1,8,9812
1,8,9386
0,8,183199
0,8,207035
0,8,1839
0,8,376609
0,8,1862313
0,8,367596
0,8,1249095
0,8,16634
0,8,11019
0,8,2540136
0,8,1913685
0,8,9723667
0,8,8852
0,8,590349
0,8,389627
0,8,608987
0,8,3090529
0,8,10483
0,8,13426334
0,8,25706
0,8,17245
0,8,1711224
0,8,3003
0,8,10534
0,8,17707472
0,8,5210
0,8,7815
0,8,1394572
0,8,50033
0,8,51912
0,8,3239699
0,8,12475141
0,8,1954203
0,8,6185
0,8,18901575
0,8,6484819
0,8,800545
0,8,243714
0,8,9516
0,8,1330324
0,8,334176
0,8,872703
0,8,1285026
0,8,14241
0,8,32581
0,8,4934
0,8,2979254
0,8,944652
0,8,3367918
0,8,6910629
0,8,7075707
0,8,581811
0,8,7815391
0,8,3493530
0,8,781787
0,8,4100352
0,8,53343
0,8,974154
0,8,38447
0,8,9653
0,8,49944
0,8,11741
0,8,752927
0,8,61900
0,8,1045290
0,8,605573
0,8,6045456
0,8,8841
0,8,438353
0,8,6178648
0,8,6199746
0,8,6238756
0,8,9443405
0,8,985113
0,8,6481280
0,8,9571617
0,8,883438
0,8,9591398
0,8,6570502
0,8,6610623
0,8,6653119
0,8,394964
0,8,6834410
0,8,63697
0,8,9778945
0,8,27333
0,8,7147831
0,8,5211
0,8,4599
0,8,337907
0,8,865508
0,8,7331435
0,8,14891
0,8,37781
0,8,8492825
0,8,7810674
0,8,7815744
0,8,525461
0,8,20820994
0,8,506880
0,8,43015
0,8,8439633
0,8,19424983
0,8,10675
0,8,8584686
0,8,9206187
0,8,9491855
0,8,2094318
0,8,3636
0,8,2527900
0,8,9683576
0,8,6149
0,8,11500159
0,8,10138607
0,8,5186
0,8,457393
0,8,190372
0,8,11601984
0,8,11709036
0,8,11827755
0,8,14281
0,8,11994353
0,8,13526165
0,8,337123
0,8,13153693
0,8,13530973
0,8,1617
0,8,19921523
0,8,261666
0,8,15034320
0,8,29044
0,8,17333242
0,8,3869
0,8,182521
0,8,16115612
0,8,16143347
0,8,173774
0,8,10576
0,8,153696
0,8,771526
0,8,17830123
0,8,136181
0,8,1196401
0,8,18077875
0,8,439288
0,8,891844
0,8,18079776
0,8,18081809
0,8,16703
0,8,77503
0,8,58239
0,8,20821087
0,8,50135
0,8,20819685
0,8,92057
0,8,594139
0,8,284066
0,8,29867
0,8,33447
0,8,19595
0,8,20910174
0,8,20893356
0,8,485244
0,8,1928
0,8,33313
0,8,22237215
0,8,7316522
0,8,23125266
0,8,23197269
0,8,24724564
0,8,17722
0,8,52879
0,8,27883214
0,8,26114135
0,8,26114523
0,8,26196106
0,8,26530331
0,8,28220900
0,8,28251002
0,8,321821
0,8,6574202
0,8,10542
5,9,2424726
5,9,18966789
5,9,1633
5,9,1928
5,9,15916
5,9,29965800
5,9,7613
5,9,37875
5,9,2593
5,9,5129
5,9,61329
5,9,7273531
5,9,68985
5,9,73127
5,9,18698257
5,9,4900
5,9,9848159
5,9,4214
5,9,100247
5,9,56627
5,9,5470
5,9,6385011
5,9,211099
5,9,1231922
5,9,19387738
5,9,8787793
5,9,830
5,9,20442230
5,9,1005
5,9,4722934
5,9,5043
5,9,3228917
5,9,979673
5,9,4887
5,9,5527
4,9,1202
4,9,24178
4,9,76865
4,9,11127
4,9,33
4,9,40102
4,9,7148931
4,9,18626815
4,9,3590
4,9,99107
4,9,186959
4,9,11486
4,9,20410192
4,9,25700088
4,9,7144
4,9,2657
4,9,70401
4,9,6448520
4,9,37684
4,9,17692848
4,9,475552
4,9,25899336
4,9,36232
4,9,5107
4,9,2527900
4,9,20603758
3,9,569564
3,9,5907
3,9,338798
3,9,280111
3,9,324748
3,9,1885
2,9,20410190
2,9,7495987
0,9,683539
0,9,25698
0,9,816
0,9,10639
0,9,168668
0,9,759945
0,9,234225
0,9,3860977
0,9,84352
0,9,6828896
0,9,685145
0,9,14376
0,9,24618
0,9,11457105
0,9,25700
0,9,311053
0,9,14743
0,9,17910510
0,9,17341220
0,9,99315
0,9,21504315
0,9,552494
0,9,18655906
0,9,18635165
0,9,98233
0,9,841
0,9,31138556
0,9,9889561
0,9,18948751
0,9,69242
5,12,75
5,12,2527786
5,12,1844977
5,12,1862313
5,12,914251
5,12,1373071
5,12,271222
5,12,4452352
5,12,706044
5,12,2122
5,12,2657
5,12,800012
4,12,5129
4,12,2298271
4,12,12938
4,12,4989
4,12,95989
4,12,445573
4,12,7613
4,12,1438410
4,12,441845
4,12,2201185
4,12,244529
4,12,5446609
4,12,53410
3,12,3
3,12,4671
3,12,48328
3,12,968
3,12,5
3,12,111315
3,12,5107
3,12,4981
2,12,2
2,12,536368
2,12,6
2,12,1
0,12,73480
0,12,1577232
0,12,983773
0,12,226335
0,12,1033695
0,12,22396
0,12,6352469
0,12,85386
3,13,45
5,15,9646
5,15,11691
5,15,2603
5,15,1842
5,15,3440684
5,15,2657
5,15,3766
5,15,18143977
5,15,39020
5,15,4422
5,15,5470
5,15,13542788
5,15,4610
5,15,320
5,15,43369
4,15,51299
4,15,7613
4,15,7332753
4,15,12467
4,15,2975
4,15,4671
4,15,248787
4,15,37781
4,15,220473
4,15,393199
4,15,29501
4,15,336
4,15,6662310
4,15,5129
4,15,103448
4,15,1202
4,15,9723
4,15,43372
4,15,45296
4,15,11297
4,15,11366
4,15,4981
4,15,257582
3,15,55139
3,15,11690
3,15,4631
3,15,14743
3,15,4137
3,15,37684
3,15,23878
3,15,6359200
3,15,21996
2,15,4954
2,15,968
2,15,2159
0,15,7437
0,15,332613
0,15,2517
0,15,4395
0,15,2794
0,15,2176
0,15,5107
0,15,1234382
0,15,92508
0,15,10975
0,15,394535
0,15,1232
0,15,43377
0,15,630983
0,15,3876
0,15,7588
0,15,249
0,15,449921
0,15,11686
0,15,11012
0,15,10383597
0,15,196717
0,15,30551
0,15,227463
0,15,16960
0,15,29773751
5,16,13
5,16,367
4,16,357
4,16,359
4,16,365
5,18,455373
5,18,13496
5,18,33313
5,18,7493
5,18,493
5,18,514
5,18,1842
5,18,905
5,18,7671
5,18,10664113
5,18,5107
5,18,3139
5,18,826097
5,18,759517
5,18,20821159
5,18,139069
5,18,10572
5,18,25515725
5,18,27220736
5,18,890
5,18,7672
5,18,18222843
5,18,259311
5,18,15894541
5,18,78361
5,18,4671
4,18,489
4,18,23692271
4,18,18626670
4,18,98233
4,18,17910549
4,18,49436
4,18,11839426
4,18,428364
4,18,11084145
4,18,7935434
4,18,7815744
4,18,7260188
4,18,250896
4,18,8209000
4,18,6148028
4,18,18050143
4,18,17802731
4,18,749138
4,18,776349
4,18,1381
4,18,796214
4,18,811747
4,18,874
4,18,18803640
4,18,5129
4,18,866222
4,18,2590
4,18,22325
4,18,11306499
4,18,20821140
4,18,5753
4,18,22609391
4,18,8739902
4,18,7673
4,18,4902
4,18,13497
4,18,2767052
4,18,106835
4,18,1202
4,18,800513
4,18,491
4,18,62291
4,18,40102
4,18,1005
4,18,22320
4,18,5755
4,18,27833670
4,18,154091
4,18,2612
4,18,485
4,18,22232622
4,18,639864
4,18,7668
4,18,26073005
4,18,1741472
4,18,45
4,18,841247
4,18,4981
4,18,8147109
3,18,7669
3,18,7675
3,18,515
3,18,15860
3,18,2001087
3,18,1843
3,18,579460
3,18,400598
3,18,83763
3,18,80049
3,18,10853
3,18,485894
3,18,336
3,18,26899
3,18,2482199
3,18,2578863
3,18,34459
3,18,18176747
3,18,20445148
3,18,40955
3,18,66354
3,18,6810541
3,18,7667
3,18,142919
3,18,2296
3,18,1713426
3,18,1525762
3,18,3087133
3,18,12617
3,18,7665
3,18,11483124
3,18,3109
3,18,848146
3,18,2122
3,18,10127019
3,18,3228917
3,18,3791564
3,18,9969571
3,18,8520362
3,18,565883
3,18,571672
3,18,6346975
3,18,6828896
3,18,6633912
3,18,6667514
3,18,7661
2,18,33992
2,18,28683057
2,18,5559
2,18,10146
2,18,20910174
2,18,1473806
2,18,21
2,18,475
2,18,3180187
2,18,16488715
0,18,869574
0,18,293182
0,18,245344
0,18,13434697
0,18,992314
0,18,496625
0,18,2372
0,18,62654
0,18,110332
0,18,38343
0,18,908047
0,18,18085481
0,18,18160136
0,18,18161152
0,18,16690
0,18,1081270
0,18,16130
0,18,22148
0,18,12639
0,18,66864
0,18,52309
0,18,25698
0,18,22551730
0,18,7687701
0,18,24375664
0,18,24886808
0,18,522
0,18,24738169
0,18,605405
0,18,6713575
5,20,136251
4,20,968
4,20,13103
3,20,368593
3,20,918096
3,20,7624
0,20,2748
0,20,40102
5,21,555
5,21,18773192
5,21,565
5,21,586
5,21,595
5,21,606
5,21,40589
5,21,618
5,21,648
5,21,652
5,21,691
5,21,265525
5,21,114737
5,21,835
5,21,7745
5,21,288528
5,21,3368
5,21,1855
5,21,217207
5,21,6732019
5,21,2552
5,21,30119
5,21,30137
5,21,597
5,21,19543
5,21,40611
5,21,40594
5,21,685448
4,21,890
4,21,40573
4,21,24475
4,21,6162567
4,21,3228917
4,21,572
4,21,599
4,21,40631
4,21,485894
4,21,12
4,21,30687
4,21,30474
4,21,5470
4,21,762542
4,21,629
4,21,716
4,21,7723797
4,21,857
4,21,706
4,21,1202
4,21,11084145
3,21,840
3,21,746
3,21,24476
3,21,40580
3,21,40697
3,21,40587
3,21,856228
3,21,11125
3,21,621
2,21,36071
0,21,576
0,21,866222
0,21,7082
0,21,905092
0,21,9912
0,21,952830
0,21,2574
0,21,357636
0,21,1911
0,21,686412
0,21,676586
0,21,9915
0,21,10975
0,21,31818
0,21,244701
0,21,261592
0,21,16572
0,21,10146
0,21,13872
0,21,750761
0,21,257999
0,21,4981
0,21,182744
0,21,9742
0,21,22915
0,21,368593
0,21,909
0,21,641604
0,21,1842
0,21,154959
0,21,4122
0,21,46170
0,21,28676
0,21,130730
0,21,114683
0,21,154341
0,21,1031
0,21,1593813
0,21,12896
0,21,7624
0,21,626601
0,21,2899681
0,21,13356707
0,21,358139
0,21,24223
0,21,5129
0,21,2122
0,21,5759
0,21,65239
0,21,49266
0,21,13478
0,21,9938211
0,21,7518289
0,21,7753
0,21,8047989
0,21,9871673
0,21,36646716
0,21,998
0,21,11457105
0,21,11468377
0,21,12859410
0,21,539181
0,21,13099738
0,21,16075137
0,21,17707768
0,21,211127
0,21,18812320
0,21,19004339
0,21,23166914
0,21,27413123
0,21,27277141
0,21,32809138
0,21,31209842
0,21,34014057
5,24,1169522
5,24,812376
5,24,585931
0,24,756
0,24,182132
0,24,198511
0,24,224950
0,24,236771
0,24,391180
0,24,134360
0,24,39939
0,24,20505
0,24,628917
0,24,775670
0,24,20502
0,24,970579
0,24,812374
0,24,1075737
0,24,91760
0,24,1381798
0,24,1381802
0,24,1872819
0,24,1888241
0,24,20501
0,24,1980678
0,24,2016111
0,24,2188583
0,24,615570
0,24,2759582
0,24,2881254
0,24,320
0,24,3538853
0,24,4590265
0,24,15507958
0,24,22551730
0,24,230701
3,25,815
5,26,2126218
5,26,6684862
5,26,99
5,26,1162
5,26,863
5,26,1389193
5,26,996
5,26,908
5,26,96593
5,26,1458584
5,26,1034
5,26,2982167
5,26,3103759
5,26,6665461
5,26,1171
5,26,3358745
5,26,874
5,26,1192
5,26,785092
5,26,951
5,26,960
5,26,669678
5,26,1628
5,26,1290
5,26,1903
5,26,33353
5,26,6725552
5,26,528985
5,26,24120
5,26,2005316
5,26,912
5,26,25376
5,26,4069
5,26,431764
5,26,3268850
5,26,370493
5,26,423571
5,26,1639449
5,26,890
5,26,180116
5,26,6480781
5,26,48457
5,26,400765
5,26,944652
5,26,56501
5,26,6212626
5,26,342504
5,26,71316
5,26,2165
5,26,1775249
5,26,298020
5,26,2281747
5,26,82065
5,26,84699
5,26,6022871
5,26,368593
5,26,6019920
5,26,3526437
5,26,1617
5,26,207500
5,26,4761072
5,26,865
5,26,8676
5,26,81959
5,26,1314656
4,26,1218
4,26,175435
4,26,5501354
4,26,136205
4,26,198863
4,26,3102821
4,26,129652
4,26,212522
4,26,225278
4,26,4497740
4,26,225603
4,26,4091972
4,26,268921
4,26,988
4,26,127628
4,26,3643540
4,26,114254
4,26,6125587
4,26,79424
4,26,75890
4,26,1602014
4,26,6411961
4,26,356896
4,26,2325230
4,26,91563
4,26,398090
4,26,6417985
4,26,400807
4,26,36076
4,26,404745
4,26,87632
4,26,61150
4,26,35935
4,26,27905
4,26,1941440
4,26,228110
4,26,25298
4,26,575386
4,26,1919
4,26,6288
4,26,1283
4,26,669603
4,26,1265
4,26,678671
4,26,931
4,26,7848802
4,26,759945
4,26,1198
4,26,1191
4,26,1232
4,26,1052
4,26,915
4,26,3137301
4,26,2436825
4,26,1047
4,26,1088
4,26,1473518
4,26,1120
4,26,1041
4,26,3043231
4,26,1039
4,26,20995
4,26,2952643
4,26,968
4,26,935676
4,26,2058000
4,26,998
4,26,1593813
4,26,2601814
4,26,27533
4,26,1399609
4,26,1005
4,26,165580
4,26,938
4,26,2612
4,26,1714624
4,26,900
3,26,925
3,26,1345117
3,26,1284760
3,26,336634
3,26,1208392
3,26,2828258
3,26,1174595
3,26,1031
3,26,262963
3,26,1103
3,26,2255
3,26,976
3,26,1110
3,26,773038
3,26,1911
3,26,1093404
3,26,416793
3,26,1035
3,26,1645726
3,26,370150
3,26,230162
3,26,324748
3,26,278353
3,26,166329
3,26,2674
3,26,154348
3,26,5497240
3,26,901220
3,26,6647309
3,26,6704942
3,26,24480
3,26,1044
3,26,1033
3,26,1024
3,26,2060230
3,26,555
3,26,109406
3,26,400808
2,26,355278
2,26,1202
2,26,1075
2,26,4604251
2,26,182310
2,26,184931
1,26,1784787
1,26,880
1,26,852405
1,26,1231
0,26,109515
0,26,8714
0,26,3041
0,26,1059
0,26,837606
0,26,1258489
0,26,93941
0,26,580285
0,26,116637
0,26,9010
0,26,670089
0,26,1894119
0,26,897974
0,26,2474695
0,26,892979
0,26,1496018
0,26,1241
0,26,4436
0,26,43015
0,26,37916
0,26,3191235
0,26,3023
0,26,2122
0,26,748556
0,26,597151
0,26,593995
0,26,1067
0,26,3228917
0,26,10907
0,26,481549
0,26,73186
0,26,247204
0,26,276580
0,26,257788
0,26,225390
0,26,206270
0,26,2380653
0,26,1078
0,26,313631
0,26,5290548
0,26,153194
0,26,139217
0,26,1226
0,26,100788
0,26,15881
0,26,79583
0,26,6131322
0,26,63061
0,26,6289283
0,26,7198831
0,26,1277
0,26,51775
0,26,41353
0,26,40745
0,26,25399
0,26,36072
0,26,1138196
0,26,909
0,26,325978
0,26,33313
0,26,1097
4,28,36675
5,31,40722
5,31,28214365
5,31,16720
5,31,6288
5,31,42435
5,31,25893709
5,31,13526165
5,31,11447921
5,31,6948436
5,31,10149142
5,31,12374
5,31,7331435
5,31,18114068
5,31,9118135
4,31,20696006
4,31,18693763
4,31,22015256
4,31,930
4,31,18143905
4,31,9476337
4,31,25899336
4,31,27276262
4,31,11870085
4,31,16158508
4,31,19999802
4,31,27161964
4,31,3447
4,31,9370
4,31,13525938
3,31,12232938
3,31,2767052
3,31,13152194
3,31,15793186
3,31,18039963
3,31,15745753
3,31,29340182
3,31,5203
3,31,10335308
3,31,6592047
3,31,80754
3,31,18302455
3,31,23255422
3,31,17878613
3,31,27833670
3,31,10569
3,31,14050
3,31,26160586
3,31,6289283
3,31,8603925
2,31,17333223
2,31,6407787
1,31,4667024
1,31,19501
1,31,16071764
0,31,6366437
0,31,4477
0,31,130028
0,31,242159
0,31,531262
0,31,243924
0,31,2526
0,31,320
0,31,126583
0,31,10374
0,31,9328
0,31,21996
0,31,4645750
0,31,4015864
0,31,11275
0,31,68210
0,31,6184241
0,31,22320
0,31,111101
0,31,2687519
0,31,343883
0,31,6415806
0,31,16286
0,31,17728
0,31,9418326
0,31,37415
0,31,9429864
0,31,9749711
0,31,11466
0,31,9820
0,31,10306358
0,31,76620
0,31,10374910
0,31,10898140
0,31,29415
0,31,11869272
0,31,23316532
0,31,5890
0,31,133518
0,31,15015218
0,31,10739
0,31,218357
0,31,13530981
0,31,15797715
0,31,15783514
0,31,343881
0,31,15803186
0,31,910343
0,31,20166980
0,31,144977
0,31,15957
0,31,16280051
0,31,51019
0,31,18090147
0,31,117833
0,31,203064
0,31,20518872
0,31,7244
0,31,18339630
0,31,48464
0,31,18775365
0,31,18803640
0,31,122
0,31,175675
0,31,22929586
0,31,321660
0,31,24452249
0,31,292408
0,31,23590496
0,31,214614
0,31,25489162
0,31,25489089
0,31,232350
0,31,439288
0,31,17899948
0,31,26722820
0,31,30852
0,31,26530351
0,31,27071490
0,31,1903881
0,31,27209127
0,31,28449257
0,31,424
0,31,28664920
0,31,28815371
0,31,29430055
0,31,29875917
0,31,29975458
0,31,30688435
0,31,30753570
0,31,31147267
0,31,31752152
0,31,34912895
5,34,2715
5,34,1823
5,34,1869
5,34,1831
5,34,1836
5,34,1843
5,34,1845
5,34,1855
5,34,1864
5,34,1867
5,34,2784
5,34,1875
5,34,1884
5,34,2735
5,34,2753
5,34,2781
5,34,1097
5,34,2767
5,34,2761
5,34,1815
5,34,647
5,34,1824
5,34,2748
5,34,2728
4,34,1842
4,34,1826
0,34,1203
0,34,19374
0,34,78503
0,34,1868
0,34,170162
0,34,1854
0,34,12262741
0,34,27068734
0,34,30753698
5,35,2068
5,35,6526458
5,35,11468377
5,35,19552
5,35,28815
5,35,6371455
5,35,5617966
5,35,30
5,35,3979911
5,35,33917107
5,35,25489625
5,35,25476582
5,35,875983
5,35,1117362
5,35,31374281
5,35,835623
5,35,934685
5,35,15014
5,35,795921
5,35,713498
5,35,2069
5,35,30831912
5,35,45
5,35,24113
5,35,30833
5,35,191128
5,35,1154023
5,35,7781
5,35,232381
5,35,228823
4,35,7306650
4,35,10600242
4,35,2054
4,35,771
4,35,7949779
4,35,515
4,35,29939161
4,35,2052
4,35,186749
4,35,119322
4,35,119324
4,35,29072594
4,35,857
4,35,18122
4,35,6080458
4,35,15865021
4,35,475
4,35,2074
4,35,209009
4,35,192541
4,35,25899336
4,35,1842
4,35,36076
4,35,5470
4,35,95892
4,35,5
4,35,106835
4,35,2
4,35,4808763
4,35,22318578
4,35,13642523
4,35,6
4,35,1885
4,35,6743651
4,35,3
4,35,6689
3,35,664
3,35,12576523
3,35,13426114
3,35,13588738
3,35,9537401
3,35,33916061
3,35,4
3,35,28364020
3,35,35457692
3,35,30334134
3,35,15989430
3,35,27485
3,35,14935
2,35,9519944
2,35,2092
2,35,541132
2,35,706
2,35,28587666
2,35,2674
2,35,31451186
2,35,1953
2,35,23692271
2,35,20663743
2,35,2087365
0,35,15793496
0,35,1713426
0,35,2199
0,35,22638080
0,35,22609485
0,35,30517272
0,35,35208895
0,35,289751
0,35,3147367
0,35,25852784
0,35,13426019
0,35,320
0,35,12410640
0,35,28820444
0,35,6402547
0,35,16130
0,35,7146335
0,35,10883
0,35,31253737
0,35,32938155
0,35,15842906
0,35,32072968
0,35,162235
0,35,9969571
0,35,34905023
0,35,32012
0,35,36217163
5,37,6101171
0,37,2558703
5,40,1203
5,40,46164
5,40,874
5,40,24687
5,40,30
5,40,2612
5,40,63697
5,40,2140
5,40,7905092
4,40,2187
4,40,123910
4,40,3109
4,40,53645
4,40,213233
4,40,2865
4,40,4138
3,40,2122
3,40,495395
3,40,17682
3,40,12786
3,40,9838
3,40,49436
0,40,204097
0,40,3110
5,43,3858
5,43,2122
5,43,5759
5,43,1226
5,43,588138
5,43,35519
5,43,357636
4,43,1301
4,43,12
4,43,840
3,43,2715
0,43,464117
0,44,40102
5,47,36975276
5,47,1202
5,47,6987
5,47,12691
5,47,25893693
5,47,16248189
5,47,10252302
5,47,13261812
5,47,12296
5,47,3591262
5,47,19501
5,47,2975
5,47,874
5,47,153272
5,47,1794575
5,47,871570
5,47,481446
5,47,252577
5,47,25019
5,47,4671
5,47,5084
5,47,930
5,47,564854
5,47,2187
5,47,77163
5,47,230138
5,47,50
5,47,40440
5,47,14891
5,47,762134
5,47,17150
4,47,8038597
4,47,77991
4,47,9647102
4,47,572627
4,47,128711
4,47,7600589
4,47,319300
4,47,1135985
4,47,6643090
4,47,19411295
4,47,33649871
4,47,35280880
4,47,766280
4,47,10106
4,47,31304213
4,47,28801121
4,47,4285768
4,47,28363991
4,47,441293
4,47,78107
4,47,28644528
4,47,5826
4,47,29497404
4,47,40189
4,47,32503381
4,47,9667124
4,47,4989
4,47,7274337
4,47,6218315
4,47,10836813
4,47,12262741
4,47,1289297
4,47,6511746
4,47,81227
4,47,18827868
4,47,6952
4,47,25279165
4,47,6480781
4,47,23995406
4,47,23257405
4,47,4905786
4,47,1330645
4,47,77125
4,47,524878
4,47,865
4,47,21419710
4,47,27843318
4,47,43641
4,47,3367956
4,47,17333223
4,47,1476261
4,47,49436
4,47,30973351
4,47,10235
4,47,2865
4,47,18899192
4,47,77554
4,47,2956
4,47,13747
4,47,11486
4,47,6900
4,47,108771
4,47,14050
4,47,2153405
4,47,12145822
4,47,5358
4,47,13912
4,47,9938498
4,47,16158542
4,47,1852
4,47,196153
4,47,11849
4,47,94554
4,47,10054335
4,47,15851746
4,47,10210
4,47,4248
4,47,5107
4,47,8137467
4,47,12926432
4,47,11064117
4,47,12982339
4,47,3121307
4,47,127970
3,47,4909
3,47,43074
3,47,41865
3,47,16071764
3,47,16160249
3,47,10772
3,47,5470
3,47,360202
3,47,5369
3,47,3257136
3,47,137798
3,47,21472752
3,47,20736708
3,47,6811171
3,47,898885
3,47,99368
3,47,378
3,47,228333
3,47,69571
3,47,9327
3,47,35906603
3,47,21936329
3,47,8725
3,47,53645
3,47,7933292
3,47,21881940
3,47,19631029
3,47,28578127
3,47,25488472
3,47,15171
3,47,27400
3,47,25901570
3,47,26400502
3,47,28796789
3,47,728816
3,47,34618389
3,47,24840247
2,47,3
2,47,3170677
2,47,15957
2,47,105459
2,47,20620995
1,47,75410
1,47,23774
1,47,509733
1,47,3388
1,47,10907
0,47,36687283
0,47,8152618
0,47,8264505
0,47,8348425
0,47,26134163
0,47,8978483
0,47,816720
0,47,9303552
0,47,2318271
0,47,9517200
0,47,9634643
0,47,9678636
0,47,25669
0,47,9995621
0,47,12889676
0,47,1232
0,47,10746419
0,47,3170683
0,47,6390356
0,47,13526165
0,47,2519
0,47,13258950
0,47,1885
0,47,2920549
0,47,31335
0,47,196807
0,47,7907803
0,47,7865197
0,47,20211402
0,47,4667024
0,47,166997
0,47,273423
0,47,7997697
0,47,2967752
0,47,18812978
0,47,23156040
0,47,20550851
0,47,6063238
0,47,276578
0,47,22318578
0,47,22744701
0,47,22622934
0,47,281881
0,47,1277029
0,47,11762
0,47,26245850
0,47,1262476
0,47,3792190
0,47,84544
0,47,25893709
0,47,29430012
0,47,67
0,47,19809
0,47,6280118
0,47,27214080
0,47,7141642
0,47,97473
0,47,8600
0,47,19724039
0,47,846381
0,47,835069
0,47,28965131
0,47,29780253
0,47,30238085
0,47,30653967
0,47,829987
0,47,32080126
0,47,763422
0,47,29655935
0,47,33036180
0,47,8881003
0,47,6713642
0,47,37008151
0,47,343684
5,49,2956
5,49,28634
5,50,4934
5,50,8127
5,50,50420
5,50,233633
5,50,4584
5,50,5826
5,50,151
5,50,3087
5,50,594921
5,50,42425
4,50,187020
4,50,4392
4,50,3876
4,50,3636
4,50,50421
4,50,5113
4,50,424
4,50,7138
4,50,4588
4,50,4009
4,50,243714
4,50,40478
4,50,1226
4,50,34856
3,50,15975
3,50,865
3,50,9330
3,50,117930
3,50,184913
3,50,882278
3,50,10799
3,50,3388
3,50,9717
3,50,33917
3,50,284066
3,50,6150
2,50,595413
2,50,3679
2,50,4137
2,50,774226
1,50,207035
1,50,77163
1,50,930
0,50,7815
0,50,4138
0,50,3378
0,50,5571
0,50,7695
0,50,19534
0,50,15993
0,50,2255
0,50,95186
0,50,12609
0,50,6748
5,51,3008
5,51,3739
5,51,3741
5,51,2956
5,51,1885
5,51,3049
5,51,2998
5,51,3774
4,51,343
4,51,152
4,51,2122
3,51,286
5,53,15780
5,53,76889
5,53,13013007
5,53,5425
5,53,191139
5,53,8614954
5,53,1236273
5,53,21787
5,53,67373
5,53,886667
5,53,3312298
5,53,344189
5,53,30119
5,53,370493
5,53,1022714
5,53,33514
5,53,5148
5,53,45332
5,53,93101
5,53,865
5,53,19380
5,53,100915
5,53,286
5,53,7178
5,53,748727
5,53,23772
5,53,3228917
5,53,15196
5,53,15197
5,53,652712
5,53,14376
5,53,1554
5,53,606744
5,53,163050
5,53,5427
5,53,26596
5,53,1302009
5,53,491584
5,53,297673
5,53,9345
5,53,5439
5,53,9712
5,53,4671
5,53,874
4,53,18525
4,53,166476
4,53,7600
4,53,232060
4,53,423762
4,53,1303
4,53,203409
4,53,201300
4,53,476036
4,53,2956
4,53,2657
4,53,185611
4,53,10534
4,53,168062
4,53,601494
4,53,602618
4,53,5470
4,53,49552
4,53,128362
4,53,1918305
4,53,1885
4,53,89479
4,53,48855
4,53,10210
4,53,4125
4,53,268536
4,53,2028250
4,53,4900
4,53,854790
4,53,26121
4,53,7624
4,53,151579
4,53,4821000
4,53,273921
4,53,5907
4,53,232187
4,53,927864
4,53,1622
4,53,18131
4,53,22136
4,53,2118114
4,53,7160
4,53,2159
4,53,7733
4,53,6689
4,53,5462
4,53,2358737
4,53,24583
4,53,26329
3,53,40102
3,53,760
3,53,584637
3,53,280495
3,53,2696
3,53,4395
3,53,295
3,53,4381
3,53,1852
3,53,460686
3,53,750761
3,53,198863
3,53,21308
3,53,18373
3,53,358980
3,53,10799
3,53,27494
3,53,362413
3,53,12296
3,53,10127
3,53,374147
3,53,3836
2,53,11091948
0,53,680367
0,53,1668793
0,53,291
0,53,4981
0,53,70401
0,53,1476261
0,53,232071
0,53,119322
0,53,6334
0,53,1768603
0,53,1389193
0,53,25698
0,53,2187
0,53,5297
0,53,368593
0,53,28862
0,53,168642
0,53,7604
0,53,78250
0,53,41681
0,53,5932
0,53,76401
0,53,9592
0,53,2517
0,53,250
0,53,946036
0,53,7613
0,53,46170
0,53,10975
0,53,5845
0,53,10639
0,53,11446
0,53,103342
0,53,33896
0,53,2427688
0,53,152
0,53,2527900
0,53,395130
0,53,4406
0,53,64533
0,53,10037
0,53,11691
0,53,2714607
0,53,66933
0,53,662
0,53,529243
0,53,10956
0,53,797635
0,53,795106
0,53,766374
0,53,142395
0,53,131102
0,53,439840
0,53,762134
0,53,9555
0,53,122
0,53,641934
0,53,33600
0,53,128711
0,53,24280
0,53,531989
0,53,249
0,53,128029
0,53,80447
0,53,113934
0,53,669780
0,53,353425
0,53,11012
0,53,227856
0,53,2618
0,53,2122
0,53,139269
0,53,114683
0,53,5043
0,53,108700
0,53,5691
0,53,9809
0,53,85301
0,53,68016
0,53,57936
0,53,48019
0,53,135479
0,53,4836915
0,53,171547
0,53,227463
0,53,6402006
0,53,6277537
0,53,6340948
0,53,8213519
0,53,6480781
0,53,14706
0,53,7996960
0,53,6902380
0,53,7118051
0,53,7148931
0,53,7331435
0,53,5500
0,53,400412
0,53,11690
0,53,11468377
0,53,2094
0,53,11816100
0,53,12609433
0,53,3711
0,53,13058917
0,53,13503109
0,53,6851
0,53,14027
0,53,900
5,55,25159062
5,55,1155
5,55,1202
5,55,7997104
5,55,2447
5,55,7235533
5,55,7184066
5,55,6834410
5,55,26889576
5,55,40722
5,55,14497
5,55,28815
5,55,29036
5,55,6452760
5,55,9534444
5,55,9969571
5,55,10256723
5,55,10552338
5,55,11447921
5,55,44098
5,55,32487617
5,55,17332218
5,55,12352452
5,55,13153693
5,55,5043
5,55,19501
5,55,31920777
5,55,320
5,55,3245249
5,55,29238799
5,55,10572
5,55,56627
5,55,23692271
5,55,206236
5,55,104539
5,55,22288943
5,55,207410
5,55,2767052
5,55,26530331
5,55,16240761
5,55,7748
5,55,750761
5,55,9531737
5,55,25852784
5,55,186074
5,55,332981
5,55,93426
5,55,368250
5,55,18393609
5,55,280028
5,55,1111
5,55,25816988
5,55,485613
5,55,15823426
5,55,23602561
5,55,95420
5,55,7526
5,55,1842
5,55,23848559
5,55,20604826
5,55,2120783
5,55,2612
5,55,19486412
5,55,1171
5,55,127455
5,55,5826
5,55,40445
5,55,18966819
5,55,139069
5,55,5527
5,55,586472
5,55,385255
5,55,2296
5,55,18007564
5,55,10882
5,55,10878
5,55,2744
5,55,781182
5,55,18966806
5,55,67
5,55,1971304
5,55,17262366
5,55,1898
5,55,62291
5,55,816
5,55,113522
5,55,279561
5,55,7493
5,55,17332183
5,55,1768603
5,55,5291539
5,55,18090048
5,55,2187
5,55,18222705
5,55,119322
5,55,13496
4,55,20893477
4,55,714583
4,55,12372
4,55,1059
4,55,18079772
4,55,7745
4,55,19101283
4,55,29397
4,55,109487
4,55,22399149
4,55,18465875
4,55,18693910
4,55,93802
4,55,1837402
4,55,18770412
4,55,17255186
4,55,4407
4,55,2666
4,55,86172
4,55,231
4,55,1998185
4,55,16171221
4,55,419083
4,55,10880
4,55,887877
4,55,25074850
4,55,20170404
4,55,9755
4,55,242006
4,55,16085481
4,55,632751
4,55,15775210
4,55,18656827
4,55,5015
4,55,31138556
4,55,49488
4,55,15704486
4,55,17182126
4,55,4865
4,55,341879
4,55,25814289
4,55,26114127
4,55,14868863
4,55,2623
4,55,2611798
4,55,263982
4,55,13542853
4,55,7442
4,55,27064345
4,55,2890090
4,55,10664113
4,55,912861
4,55,169354
4,55,27161156
4,55,13330922
4,55,1232
4,55,28259132
4,55,101200
4,55,3109
4,55,29874881
4,55,2715
4,55,74121
4,55,13259960
4,55,3228917
4,55,4069
4,55,68428
4,55,32109569
4,55,12287209
4,55,15811559
4,55,4699575
4,55,5375814
4,55,5771014
4,55,11925514
4,55,55320
4,55,6148028
4,55,39020
4,55,6260997
4,55,38840
4,55,10503170
4,55,35474
4,55,10211494
4,55,33331
4,55,30853
4,55,32075859
4,55,10669
4,55,6516450
4,55,6597651
4,55,9491701
4,55,10657
4,55,9319468
4,55,8490112
4,55,7132363
4,55,4375
4,55,7218240
4,55,2728
4,55,8667848
4,55,1512210
4,55,7260188
4,55,34974310
4,55,7519640
4,55,8736494
3,55,29587
3,55,7624594
3,55,7521258
3,55,34928122
3,55,7905092
3,55,7286910
3,55,1283
3,55,29569
3,55,7111552
3,55,8683812
3,55,6989790
3,55,11021913
3,55,35506021
3,55,6452758
3,55,9862761
3,55,6452737
3,55,10131648
3,55,6402364
3,55,6346975
3,55,33395557
3,55,225947
3,55,11381910
3,55,11447065
3,55,32599492
3,55,5941033
3,55,64370
3,55,84593
3,55,4573498
3,55,32940867
3,55,12914418
3,55,1618
3,55,7194
3,55,1906500
3,55,12497
3,55,53225
3,55,30753685
3,55,2715442
3,55,2527900
3,55,15062217
3,55,77425
3,55,30334134
3,55,15739863
3,55,10658
3,55,97084
3,55,15801967
3,55,448135
3,55,149785
3,55,15839976
3,55,29868612
3,55,15704459
3,55,45978
3,55,34002132
3,55,49628
3,55,550454
3,55,18122
3,55,2159
3,55,16884
3,55,28790025
3,55,17986396
3,55,28385685
3,55,18079776
3,55,4122
3,55,18176747
3,55,119324
3,55,37442
3,55,18402982
3,55,1303
3,55,7190
3,55,18667988
3,55,162087
3,55,174354
3,55,13497
3,55,136089
3,55,868398
3,55,248787
3,55,14891
3,55,20342518
3,55,27276428
3,55,20910174
3,55,7614793
3,55,316767
3,55,7354
3,55,22217711
3,55,22318398
3,55,22535480
3,55,25499718
3,55,23158207
3,55,23164968
3,55,7082
3,55,25451852
3,55,632753
3,55,1155364
3,55,405305
3,55,2318271
2,55,23615703
2,55,22609469
2,55,331429
2,55,21856367
2,55,7863046
2,55,28432
2,55,26245038
2,55,859788
2,55,1102243
2,55,285385
2,55,1295
2,55,823
2,55,17288661
2,55,17660462
2,55,6774724
2,55,7237456
2,55,2358737
2,55,2714607
2,55,4371507
2,55,58696
2,55,8366402
2,55,51029
2,55,6224826
2,55,6307751
2,55,25017
1,55,5841908
1,55,666251
1,55,22557272
5,56,840
5,56,8123210
5,56,315425
5,56,18077903
5,56,12961964
5,56,17745
5,56,2748
5,56,25814544
5,56,214614
5,56,18626849
5,56,629
4,56,13525945
4,56,27916725
4,56,25365636
4,56,4953
4,56,39020
4,56,24937378
4,56,25069886
4,56,10275606
4,56,22816087
4,56,22823462
4,56,23148927
4,56,19972777
4,56,954674
4,56,3805
4,56,22731001
4,56,21792828
4,56,8908
4,56,816
4,56,19823829
4,56,2187
4,56,313605
4,56,18505796
4,56,93269
4,56,19321490
4,56,18305964
4,56,386043
4,56,31038308
4,56,21398139
4,56,2612
4,56,17980416
4,56,392563
4,56,17306293
4,56,18401393
4,56,97782
4,56,24968626
4,56,17368465
4,56,24968342
4,56,160338
4,56,1867
4,56,1845
4,56,3109
4,56,773858
4,56,18626815
4,56,11084145
4,56,3228917
4,56,34945210
4,56,20991249
4,56,6564051
4,56,20873740
4,56,16124244
4,56,18881524
4,56,9418327
4,56,26791287
4,56,6288
3,56,10587321
3,56,6732019
3,56,13108226
3,56,32795900
3,56,10754019
3,56,2122
3,56,13459855
3,56,15288278
3,56,26247312
3,56,1713426
3,56,75353
3,56,248787
3,56,55139
3,56,162608
3,56,2265
3,56,3368
3,56,9859198
3,56,21
3,56,2112788
3,56,119751
3,56,23488339
3,56,9818
3,56,2574
3,56,1616976
3,56,18883652
3,56,22449929
3,56,1633
2,56,18802222
2,56,20967256
2,56,15021
2,56,22566044
2,56,37875
1,56,191499
1,56,368593
0,56,11275
0,56,25151349
0,56,17704370
0,56,26042767
0,56,11297
0,56,20343111
0,56,2845287
0,56,11298
0,56,13538873
0,56,613890
5,57,5043
5,57,2956
5,57,133518
4,57,50
3,57,3815
3,57,3836
3,57,296977
5,59,2122
5,59,4980
5,59,3359
5,59,10801
5,59,9820
4,59,4214
4,59,865
4,59,2975
4,59,2956
3,59,1202
2,59,10807
2,59,960
0,59,476241
5,61,14672
5,61,3559
5,61,14652
0,61,753972
4,62,1
4,62,1202
4,62,3483
4,62,15881
4,62,5
4,62,2
4,62,3
4,62,6
4,62,136251
3,62,4588
0,62,672763
0,62,98
5,63,24724602
5,63,80978
5,63,14050
5,63,8646
5,63,10127
5,63,1241
5,63,11235707
4,63,8442457
4,63,12262741
4,63,11447921
4,63,196564
4,63,15507958
4,63,457526
4,63,470016
4,63,514313
4,63,11222943
4,63,12611253
4,63,7260188
4,63,6280118
4,63,6202342
4,63,6148028
4,63,243714
4,63,297673
4,63,7208
4,63,33926
4,63,2767052
4,63,3388
4,63,1175991
4,63,18373272
4,63,3858
4,63,2018455
4,63,23310175
4,63,3867
3,63,8603925
3,63,3874
3,63,6286
3,63,3766
3,63,25041504
3,63,6224826
3,63,764063
3,63,1532547
3,63,304037
3,63,6295
3,63,7062
3,63,2319322
3,63,1202
3,63,7061
3,63,24
3,63,18143905
3,63,3920
3,63,10818853
3,63,139373
3,63,3087
3,63,3717320
3,63,3690187
3,63,1918305
3,63,19501
3,63,6398634
3,63,3063499
3,63,18135
3,63,41865
3,63,40189
3,63,3679
3,63,960
3,63,10441
2,63,978675
2,63,70284
2,63,9817944
2,63,5139
2,63,1102322
2,63,4667024
2,63,15956435
2,63,16141924
2,63,6011287
2,63,545830
2,63,2091191
2,63,113086
1,63,23422
1,63,249
1,63,49628
0,63,2088385
0,63,594921
0,63,6482837
0,63,8754740
0,63,13707738
0,63,26889576
0,63,63031
0,63,281002
0,63,865
0,63,5107
0,63,1162543
0,63,139220
0,63,14836
0,63,15015015
0,63,7624
0,63,2728527
0,63,18143977
0,63,428263
0,63,18693716
0,63,9267
0,63,63033
0,63,25852870
0,63,18775359
0,63,3711
0,63,17986421
0,63,23569783
0,63,4981
0,63,25241503
0,63,25855506
0,63,26200068
0,63,2674
5,64,13740510
5,64,968
5,64,23577
4,64,23576
4,64,514313
4,64,1301
4,64,1624959
4,64,10669
4,64,88061
3,64,69571
4,65,12497
4,65,2590
0,65,89391
0,65,46084
0,65,332234
0,65,332070
0,65,332223
0,65,28088
5,66,19140498
5,66,4397
5,66,4395
5,66,10853
5,66,10799
5,66,5107
5,66,30137
5,66,4406
5,66,2657
5,66,4627
5,66,26
5,66,2956
5,66,9820
5,66,7745
5,66,4610
5,66,320
4,66,3876
4,66,9789
4,66,19543
4,66,225221
4,66,2255
4,66,894883
4,66,28
4,66,968403
4,66,23196
4,66,19534
4,66,29358
4,66,18165
4,66,9712
4,66,4380
4,66,3359
4,66,1226
4,66,4671
4,66,5915
4,66,9608
4,66,9589
4,66,4981
4,66,2552
4,66,10847
4,66,1898
4,66,5900
4,66,164230
4,66,10539
4,66,1842
4,66,12
4,66,30
4,66,31646
4,66,2265
4,66,890
4,66,1241
4,66,7624
4,66,29570
4,66,865
4,66,4628
4,66,10836
3,66,4248
3,66,122
3,66,4980
3,66,13103
3,66,9590
3,66,10848
3,66,5308
3,66,10873
3,66,1067
3,66,9593
3,66,874
2,66,10861
0,66,1843
0,66,4934
0,66,29601
0,66,21
0,66,4264
5,68,14050
5,68,157993
4,68,1258563
4,68,1284360
4,68,3169186
3,68,2539672
0,68,4144
0,68,11272
4,69,830502
0,69,22557272
0,69,16068905
0,69,32283133
5,70,4981
5,70,5129
3,70,5210
3,70,19380
0,70,827663
4,71,3711
4,71,874
0,71,3679
4,72,17841
4,72,104
4,72,320
4,72,15047
4,72,5113
3,72,111300
3,72,414999
3,72,2122
3,72,177152
3,72,827287
5,73,11333587
5,73,21611
5,73,2226801
5,73,64222
5,73,34484
5,73,29581
5,73,76683
5,73,315240
5,73,29579
5,73,27064437
5,73,25110855
5,73,77711
5,73,4099
5,73,25142817
5,73,34517
5,73,94767
5,73,837112
5,73,70487
5,73,22299612
5,73,2247820
5,73,24816
5,73,4137
5,73,24363267
5,73,59715
5,73,969039
5,73,15993
5,73,2442
5,73,18003
5,73,22328
5,73,18801976
5,73,17557489
5,73,939685
5,73,926908
5,73,682736
5,73,884288
5,73,22325
5,73,4799
5,73,1635520
5,73,2943370
5,73,29580
5,73,11
5,73,92303
5,73,2378950
5,73,18109129
5,73,15733401
5,73,53732
5,73,77152
5,73,74616
5,73,33407
5,73,118541
5,73,9539408
5,73,17744
5,73,11315590
5,73,13528169
5,73,12
5,73,325281
5,73,7293070
5,73,567670
5,73,11165783
5,73,7905092
5,73,7745031
5,73,243725
5,73,11329900
5,73,158683
5,73,5470
5,73,161296
4,73,22662539
4,73,34497
4,73,10790290
4,73,80834
4,73,414999
4,73,10803593
4,73,11986736
4,73,214614
4,73,158682
4,73,157076
4,73,245344
4,73,9811610
4,73,9634967
4,73,8785374
4,73,8664353
4,73,17022
4,73,156534
4,73,116296
4,73,23873128
4,73,11202999
4,73,7331435
4,73,13135039
4,73,5506097
4,73,41811
4,73,5544
4,73,19525177
4,73,10223415
4,73,8196658
4,73,6420318
4,73,130730
4,73,13228621
4,73,6250169
4,73,1144993
4,73,603262
4,73,22321
4,73,12184075
4,73,11157056
4,73,535482
4,73,8144620
4,73,437151
4,73,472331
4,73,262392
4,73,13516846
4,73,12067
4,73,105099
4,73,3596856
4,73,3368
4,73,13608770
4,73,3398625
4,73,3337192
4,73,34532
4,73,47994
4,73,34527
4,73,7495987
4,73,34506
4,73,86630
4,73,2932
4,73,15808111
4,73,629310
4,73,8694
4,73,3213586
4,73,1226587
4,73,34
4,73,102439
4,73,1501781
4,73,13878
4,73,70132
4,73,18924982
4,73,8698
4,73,423303
4,73,968
4,73,168668
4,73,17383866
4,73,34501
4,73,400354
4,73,513533
4,73,17278262
4,73,681981
4,73,34499
4,73,4980
4,73,859230
4,73,2829607
4,73,360
4,73,452519
4,73,19288560
4,73,99208
4,73,415899
4,73,7107665
4,73,22200
4,73,18007564
4,73,232187
4,73,8400885
4,73,2159700
4,73,355697
4,73,17449897
4,73,51964
4,73,7025071
4,73,48002
4,73,4408
4,73,493573
4,73,383129
4,73,1361497
4,73,347610
4,73,890
4,73,17214
4,73,598117
4,73,22112268
4,73,10374
4,73,284066
4,73,310612
4,73,64217
4,73,78876
4,73,22323
4,73,22320
4,73,375802
4,73,20821159
4,73,423305
4,73,1043220
4,73,20884223
4,73,227265
4,73,7068032
4,73,22249668
4,73,2041080
4,73,33140957
4,73,394535
4,73,1246169
4,73,24015030
4,73,34502
4,73,13867
4,73,100365
4,73,6563914
4,73,8350248
4,73,885230
4,73,305693
4,73,5094
4,73,618149
4,73,1151315
4,73,34511
4,73,50
4,73,118053
4,73,18626895
4,73,154798
4,73,774928
4,73,493809
4,73,18655894
4,73,27200
4,73,8695
4,73,49628
4,73,25833687
4,73,28268263
4,73,1802397
4,73,763504
4,73,1242969
4,73,26232419
4,73,41804
4,73,33313
4,73,24920
4,73,154091
4,73,34448995
4,73,22361469
4,73,2107575
4,73,34858560
4,73,4981
4,73,8908
4,73,34503
4,73,28687302
4,73,876077
4,73,9844081
4,73,36406012
4,73,5907
4,73,95431
4,73,1529579
4,73,515
3,73,6992825
3,73,7989194
3,73,34504
3,73,34541
3,73,140196
3,73,30282601
3,73,95406
3,73,64936
3,73,11012
3,73,391805
3,73,1279415
3,73,231850
3,73,1590158
3,73,50843
3,73,77773
3,73,28321838
3,73,68380
3,73,28251449
3,73,259836
3,73,13412554
3,73,77566
3,73,296449
3,73,30166243
3,73,27839568
3,73,15195
3,73,9589
3,73,8663600
3,73,46084
3,73,27776577
3,73,16735
3,73,580105
3,73,47989
3,73,9231161
3,73,226004
3,73,34542
3,73,357
3,73,37684
3,73,344189
3,73,20738551
3,73,724667
3,73,9590
3,73,18886685
3,73,7011648
3,73,337116
3,73,33226665
3,73,1392625
3,73,43917
3,73,386372
3,73,102953
3,73,8569435
3,73,34529
3,73,77565
3,73,13881
3,73,335813
3,73,8175835
3,73,567676
3,73,43908
3,73,13813
3,73,228665
3,73,455401
3,73,337130
3,73,1110791
3,73,22926746
3,73,64216
3,73,9418327
3,73,840
3,73,26899
3,73,11695750
3,73,419389
3,73,434763
3,73,30292
3,73,144977
3,73,408854
3,73,34519
3,73,2280873
3,73,2280874
3,73,5015
3,73,10184723
3,73,7967
3,73,13590049
3,73,6148028
3,73,7169168
3,73,6689
3,73,21403302
3,73,358
3,73,39988
3,73,2855034
3,73,951581
3,73,74757
3,73,18072962
3,73,8130318
3,73,17850562
3,73,169959
3,73,1311589
3,73,5197
3,73,175328
3,73,149302
3,73,355
3,73,109073
3,73,19288963
3,73,2157165
3,73,41810
3,73,321073
3,73,666752
3,73,16688
3,73,534223
3,73,774929
3,73,9720
3,73,11275323
3,73,1618
3,73,4916664
3,73,64218
3,73,11529868
3,73,568333
3,73,12813565
3,73,94760
3,73,24954652
3,73,325379
3,73,25016389
3,73,43035
3,73,7388133
3,73,34507
3,73,47991
3,73,15241
3,73,833420
3,73,359
3,73,12430050
3,73,15791392
3,73,1381
3,73,36320
3,73,214579
3,73,780874
3,73,18114
3,73,597040
3,73,267773
3,73,77430
3,73,6604465
3,73,13592451
3,73,2493
3,73,526060
3,73,25278308
3,73,12451932
3,73,10224849
3,73,13228458
2,73,13580807
2,73,128029
2,73,33456
2,73,741155
2,73,28921
2,73,12952273
2,73,1254575
2,73,181010
2,73,6077550
2,73,16132075
2,73,148048
2,73,3892685
2,73,29187
2,73,1496525
2,73,11276272
2,73,28862
2,73,7865083
2,73,93768
2,73,13006
2,73,17436400
2,73,20417449
2,73,823653
2,73,33868689
2,73,18077903
2,73,20639917
2,73,210404
2,73,13838
2,73,7042363
2,73,30119
2,73,7613
2,73,218466
2,73,354
2,73,769209
2,73,2322
2,73,27833910
2,73,736872
2,73,8852
2,73,11062401
1,73,234501
1,73,35220
1,73,2551528
1,73,3341119
1,73,119787
1,73,17333223
1,73,433567
1,73,19380
1,73,24113
1,73,1885
1,73,17250
1,73,8108279
0,73,17082640
0,73,8065404
0,73,7739862
0,73,276079
0,73,7141642
0,73,77470
0,73,968868
0,73,6468251
0,73,164154
0,73,948618
0,73,9528398
0,73,4671
0,73,6452798
0,73,29601872
0,73,7718780
0,73,28267725
0,73,5291478
0,73,10644631
0,73,223379
0,73,86524
0,73,18243
0,73,13646978
0,73,136240
0,73,249
0,73,564927
0,73,596930
0,73,33
0,73,11890817
0,73,12300570
0,73,12352452
0,73,3396279
0,73,8327751
0,73,134225
0,73,18373
0,73,13055592
0,73,320
0,73,123715
0,73,113486
0,73,13107852
0,73,3244505
0,73,17164655
0,73,2657
0,73,79422
0,73,19132890
0,73,17803
0,73,13623911
0,73,91017
0,73,79426
0,73,26873626
0,73,18423
0,73,15839976
0,73,29917370
0,73,1886602
0,73,10138838
0,73,833312
0,73,19221226
0,73,34493
0,73,793401
0,73,17278807
0,73,17333324
0,73,7090
0,73,156532
0,73,4982
0,73,96647
0,73,18616975
0,73,218571
0,73,980280
0,73,17905709
0,73,23316526
0,73,18222843
0,73,2696
0,73,24983
0,73,23659057
0,73,20518872
0,73,23310818
0,73,19161852
0,73,18736925
0,73,7162126
0,73,1132457
0,73,20501606
0,73,16690
0,73,19512079
0,73,24734477
0,73,9875816
0,73,20881139
0,73,108713
0,73,2202230
0,73,20906536
0,73,8058457
0,73,22522818
0,73,862719
0,73,9653
0,73,38447
0,73,4138
0,73,22609391
0,73,62446
0,73,22886868
0,73,1953126
0,73,302702
0,73,25190923
0,73,23754
0,73,70251
0,73,8135490
0,73,29215343
0,73,209666
0,73,25647696
0,73,6699275
0,73,25343479
0,73,26114545
0,73,26223663
0,73,18051417
0,73,1661976
0,73,1105956
0,73,156529
0,73,28094636
0,73,156533
0,73,156530
0,73,332631
0,73,28508574
0,73,184040
0,73,13496
0,73,30139664
0,73,30282641
0,73,30971664
0,73,32075825
0,73,32109569
0,73,35964012
0,73,35020361
0,73,34928122
0,73,6748
0,73,10802
5,74,23289458
5,74,5544
5,74,22719418
5,74,5548
5,74,2249
5,74,1654409
5,74,15733401
5,74,34626431
5,74,6588490
5,74,105099
4,74,313605
4,74,81922
4,74,1246169
4,74,5550
4,74,228047
4,74,10907
4,74,49174
4,74,73127
4,74,81948
4,74,7107665
3,74,8528814
3,74,405790
3,74,11525
3,74,428588
3,74,1633
3,74,2612
3,74,8663600
3,74,12414323
3,74,6148028
3,74,20639917
3,74,12888765
3,74,20417449
2,74,12617760
2,74,4448489
2,74,70132
2,74,30642088
2,74,8519525
1,74,41865
1,74,9219816
1,74,10368067
0,74,9789652
0,74,310671
0,74,2387273
0,74,517266
0,74,309415
0,74,17744
0,74,629608
0,74,3586804
0,74,10320876
0,74,691971
0,74,2071300
0,74,2164530
0,74,760025
0,74,847538
0,74,853963
0,74,946131
0,74,1058013
0,74,1229810
0,74,16475
0,74,299533
0,74,528789
0,74,85009
0,74,1497137
0,74,1507513
0,74,2740978
0,74,45
0,74,8394206
0,74,1728561
0,74,2311727
0,74,1877741
0,74,1909120
0,74,77727
0,74,289063
0,74,3869
0,74,22320
0,74,2645110
0,74,304889
0,74,261666
0,74,231302
0,74,1713426
0,74,155011
0,74,3307332
0,74,5597483
0,74,29768766
0,74,19027652
0,74,6129974
0,74,6289283
0,74,8288287
0,74,112863
0,74,6667514
0,74,105100
0,74,101910
0,74,7810674
0,74,8434163
0,74,8520610
0,74,93892
0,74,9389909
0,74,354484
0,74,10353369
0,74,2443896
0,74,842547
0,74,12567848
0,74,12443235
0,74,85017
0,74,1382039
0,74,48019
0,74,1816436
0,74,20873740
0,74,14546626
0,74,43244
0,74,16059425
0,74,17165936
0,74,17236175
0,74,19816540
0,74,21400363
0,74,20413040
0,74,41872
0,74,21806197
0,74,5624243
0,74,23168823
0,74,40955
0,74,7700974
0,74,25329850
0,74,28094636
0,74,28114573
0,74,29437996
0,74,29780253
0,74,32809138
0,74,21343
0,74,34706541
0,74,34097665
5,77,17745
5,77,52223
5,77,395081
5,77,32929
5,77,31371275
5,77,847018
5,77,310612
5,77,15866000
5,77,694258
5,77,21891502
5,77,23772
5,77,683096
5,77,17746
5,77,2657
5,77,8458554
5,77,9910479
5,77,17744
5,77,134360
5,77,16670272
5,77,30119
5,77,370493
5,77,7496176
4,77,18007564
4,77,17236175
4,77,12567848
4,77,18077903
4,77,11468377
4,77,18176747
4,77,18209493
4,77,8054143
4,77,44735
4,77,64239
4,77,6404604
4,77,472331
4,77,33
4,77,18941166
4,77,3217221
4,77,769471
4,77,1226587
4,77,34
4,77,22668729
4,77,5107
4,77,20587888
4,77,15241
4,77,2717150
4,77,25639352
4,77,926908
4,77,2029574
4,77,25652706
4,77,123715
4,77,4138
4,77,1869
4,77,6968555
4,77,1610497
4,77,5907
4,77,27190487
4,77,27968897
4,77,866402
4,77,1123167
4,77,1170158
4,77,410230
4,77,70535
4,77,34689397
4,77,8117684
4,77,174700
3,77,114737
3,77,43763
3,77,3869
3,77,34466731
3,77,7507825
3,77,32191710
3,77,13542593
3,77,11705352
2,77,43814
2,77,567616
0,77,24972194
0,77,350962
0,77,11449
0,77,314796
0,77,365660
0,77,365661
0,77,314102
0,77,386187
0,77,420315
0,77,426289
0,77,4985
0,77,2725
0,77,457228
0,77,24847
0,77,471861
0,77,8125726
0,77,200572
0,77,1508879
0,77,830
0,77,304551
0,77,292668
0,77,554646
0,77,96358
0,77,567714
0,77,575303
0,77,613547
0,77,679940
0,77,684378
0,77,1617
0,77,15811144
0,77,4136
0,77,693189
0,77,739687
0,77,271495
0,77,774088
0,77,11127
0,77,233389
0,77,5941
0,77,23422
0,77,773038
0,77,7082
0,77,248787
0,77,339218
0,77,89724
0,77,357636
0,77,24113
0,77,337907
0,77,8907702
0,77,887089
0,77,243725
0,77,122336
0,77,63697
0,77,11472
0,77,8049273
0,77,350
0,77,38990
0,77,98865
0,77,3805
0,77,248189
0,77,18131
0,77,967309
0,77,218659
0,77,12358
0,77,223380
0,77,35519
0,77,9007
0,77,109641
0,77,24178
0,77,111113
0,77,222078
0,77,1151990
0,77,1041195
0,77,542635
0,77,4137
0,77,162120
0,77,414999
0,77,109548
0,77,78411
0,77,28212
0,77,18940201
0,77,214441
0,77,211099
0,77,1128520
0,77,38447
0,77,9858081
0,77,207276
0,77,816
0,77,1185402
0,77,2143
0,77,1195638
0,77,1032
0,77,1168341
0,77,4381
0,77,1300403
0,77,384597
0,77,1317946
0,77,59716
0,77,1354082
0,77,1359046
0,77,10706388
0,77,1380415
0,77,77566
0,77,395040
0,77,4214
0,77,1402779
0,77,313605
0,77,509784
0,77,69242
0,77,13872
0,77,847071
0,77,191437
0,77,9006
0,77,427282
0,77,173528
0,77,163826
0,77,11828537
0,77,634911
0,77,8149405
0,77,13554512
0,77,9742
0,77,7132091
0,77,11737351
0,77,378
0,77,56627
0,77,41804
0,77,16842
0,77,18600055
0,77,36315
0,77,4009
0,77,11513006
0,77,1842169
0,77,6109
0,77,6411433
0,77,49628
0,77,144202
0,77,1903878
0,77,3831533
0,77,168642
0,77,7750330
0,77,228665
0,77,13369245
0,77,12
0,77,2612
0,77,56713
0,77,157993
0,77,827
0,77,2183600
0,77,100365
0,77,119144
0,77,2226289
0,77,2241348
0,77,2250720
0,77,2251306
0,77,12527
0,77,3729060
0,77,1297985
0,77,21
0,77,111110
0,77,54123
0,77,153747
0,77,2579284
0,77,61666
0,77,375802
0,77,587055
0,77,4631
0,77,38520
0,77,11854642
0,77,2468289
0,77,2474084
0,77,21532133
0,77,2784
0,77,15823480
0,77,284066
0,77,3636
0,77,46640
0,77,536653
0,77,2602650
0,77,29291
0,77,13651
0,77,107128
0,77,104752
0,77,1167532
0,77,2767052
0,77,4980
0,77,2199
0,77,55024
0,77,2875137
0,77,2029234
0,77,30933
0,77,67939
0,77,96713
0,77,84525
0,77,84979
0,77,17803
0,77,1713426
0,77,237209
0,77,64666
0,77,210825
0,77,4948
0,77,16793
0,77,33600
0,77,1793037
0,77,31237190
0,77,10534
0,77,79841
0,77,79636
0,77,55030
0,77,2715
0,77,70132
0,77,529252
0,77,4952
0,77,7495987
0,77,69736
0,77,297673
0,77,17165596
0,77,227350
0,77,49552
0,77,28921
0,77,18405
0,77,4069
0,77,26245763
0,77,69735
0,77,6988014
0,77,18339951
0,77,3860977
0,77,4030991
0,77,4107965
0,77,68428
0,77,9717
0,77,76778
0,77,3
0,77,4667024
0,77,7332
0,77,229173
0,77,4929
0,77,6164628
0,77,6178648
0,77,6186218
0,77,6202892
0,77,6294172
0,77,11331421
0,77,6340948
0,77,6346975
0,77,6398634
0,77,65692
0,77,5310515
0,77,6452796
0,77,6465707
0,77,6472246
0,77,10085754
0,77,6484681
0,77,13538873
0,77,6547576
0,77,12258672
0,77,6597341
0,77,6658783
0,77,6671664
0,77,6701289
0,77,6732019
0,77,6828896
0,77,6902644
0,77,7051743
0,77,7059033
0,77,7096123
0,77,59151
0,77,7199890
0,77,7318651
0,77,7324357
0,77,7331435
0,77,7344911
0,77,7905092
0,77,7493646
0,77,7622249
0,77,7623692
0,77,7769406
0,77,7815577
0,77,7907803
0,77,8034761
0,77,910863
0,77,8058236
0,77,8135213
0,77,8664353
0,77,8148515
0,77,8216982
0,77,8242117
0,77,8264505
0,77,8295595
0,77,8310410
0,77,8366402
0,77,8410532
0,77,44882
0,77,991197
0,77,8490366
0,77,8520362
0,77,8520610
0,77,10313931
0,77,8535464
0,77,28588061
0,77,9059538
0,77,9192508
0,77,9196910
0,77,9333246
0,77,9361589
0,77,9378733
0,77,9418327
0,77,9631432
0,77,9722408
0,77,9837813
0,77,9844623
0,77,9850443
0,77,11329900
0,77,9859899
0,77,42190
0,77,9967766
0,77,10134155
0,77,10252302
0,77,10256723
0,77,10324174
0,77,10327296
0,77,10359476
0,77,10383597
0,77,10410198
0,77,10483171
0,77,10552338
0,77,10596103
0,77,10746542
0,77,10756240
0,77,10778139
0,77,10851868
0,77,10887550
0,77,10955068
0,77,10996342
0,77,11084145
0,77,11107244
0,77,11165323
0,77,11288963
0,77,11336739
0,77,11337189
0,77,11391817
0,77,11457105
0,77,41597
0,77,11529868
0,77,11532012
0,77,11607446
0,77,77504
0,77,13542440
0,77,11724841
0,77,11786263
0,77,11842541
0,77,11986520
0,77,659469
0,77,12114737
0,77,12143200
0,77,12352452
0,77,12362167
0,77,40745
0,77,12485506
0,77,12510877
0,77,12567957
0,77,12609433
0,77,12625589
0,77,12625788
0,77,15507958
0,77,12764341
0,77,7612
0,77,12910715
0,77,12910749
0,77,12959743
0,77,13227454
0,77,10357575
0,77,13078116
0,77,13099738
0,77,9647532
0,77,13533727
0,77,13162988
0,77,13259270
0,77,13192061
0,77,13195716
0,77,13223349
0,77,13324433
0,77,13329738
0,77,13330370
0,77,13330769
0,77,13356649
0,77,13366259
0,77,13537891
0,77,13414928
0,77,13426147
0,77,13429614
0,77,13435889
0,77,13436232
0,77,13446655
0,77,13453029
0,77,13557008
0,77,13521382
0,77,13528420
0,77,13528506
0,77,13529139
0,77,13529441
0,77,13573189
0,77,13573235
0,77,13573517
0,77,13574985
0,77,13588394
0,77,13589153
0,77,13591145
0,77,13591185
0,77,13615414
0,77,15843172
0,77,13623981
0,77,13624682
0,77,13641387
0,77,13641922
0,77,13837953
0,77,14475490
0,77,14568987
0,77,14725856
0,77,14744381
0,77,15733401
0,77,15744013
0,77,15765619
0,77,15790837
0,77,15793575
0,77,15797932
0,77,15798628
0,77,15799042
0,77,15801685
0,77,15843041
0,77,453553
0,77,16031799
0,77,33833
0,77,16059137
0,77,16059425
0,77,16076040
0,77,16096452
0,77,16115612
0,77,16128986
0,77,18039963
0,77,16157969
0,77,16158494
0,77,18662473
0,77,16158542
0,77,16257009
0,77,28815
0,77,16277245
0,77,17165936
0,77,17174216
0,77,28599
0,77,17249364
0,77,17333223
0,77,17400898
0,77,17573647
0,77,17707768
0,77,17740626
0,77,17860739
0,77,17879324
0,77,17899481
0,77,17910109
0,77,17986401
0,77,18050143
0,77,18054422
0,77,18077875
0,77,27126
0,77,18079560
0,77,18170143
0,77,18142434
0,77,18167241
0,77,19596
0,77,18185948
0,77,18693716
0,77,22908
0,77,20518872
0,77,18302455
0,77,18881672
0,77,18736925
0,77,18526648
0,77,20775899
0,77,18774020
0,77,18667945
0,77,18668059
0,77,18813642
0,77,18774002
0,77,396931
0,77,29747948
0,77,18310944
0,77,26854453
0,77,19404862
0,77,8908
0,77,19486412
0,77,19532340
0,77,19546047
0,77,20527133
0,77,840
0,77,20694433
0,77,20702031
0,77,23013953
0,77,20758127
0,77,21413662
0,77,21423216
0,77,21531475
0,77,21806197
0,77,21853628
0,77,21856367
0,77,16846
0,77,21913812
0,77,25203710
0,77,25569936
0,77,22535513
0,77,22667568
0,77,22676114
0,77,22816087
0,77,22822858
0,77,30152783
0,77,22856166
0,77,22875447
0,77,38819563
0,77,23128411
0,77,23197269
0,77,23208397
0,77,23317538
0,77,23371621
0,77,23398625
0,77,23399334
0,77,23492741
0,77,23846178
0,77,24453082
0,77,26112881
0,77,24861842
0,77,324750
0,77,25065629
0,77,25111119
0,77,25147754
0,77,24388326
0,77,25329850
0,77,25430558
0,77,28114515
0,77,25520974
0,77,25899336
0,77,15778
0,77,13674
0,77,25664449
0,77,25666050
0,77,27985224
0,77,29508697
0,77,25814544
0,77,25893783
0,77,25953369
0,77,26015875
0,77,29437949
0,77,27419654
0,77,27068734
0,77,26893754
0,77,27064401
0,77,27161964
0,77,428
0,77,27213168
0,77,27276431
0,77,27430326
0,77,27876332
0,77,328
0,77,28094636
0,77,28116739
0,77,28251002
0,77,30555488
0,77,28256439
0,77,28259132
0,77,28587950
0,77,29405093
0,77,28691644
0,77,28789695
0,77,28820024
0,77,29139790
0,77,29812803
0,77,29333025
0,77,32075671
0,77,29510874
0,77,29521260
0,77,29565118
0,77,29567845
0,77,29570143
0,77,29739361
0,77,29780253
0,77,29983426
0,77,30045683
0,77,36949677
0,77,30231729
0,77,30255935
0,77,30316174
0,77,30642088
0,77,30689335
0,77,29396738
0,77,30901608
0,77,30962053
0,77,34116118
0,77,31237445
0,77,31338724
0,77,40
0,77,29430036
0,77,31951074
0,77,54509
0,77,32828097
0,77,34346404
0,77,33574189
0,77,33606660
0,77,35659723
0,77,412264
0,77,34608694
0,77,27539
0,77,35068432
0,77,35108805
0,77,35269543
0,77,35818896
0,77,36595101
0,77,38744839
0,77,20603758
0,87,1202
0,87,5358
0,87,5359
0,87,4671
0,87,306659
0,87,395394
0,87,32499
0,87,537193
0,87,1622
0,87,239840
0,87,752717
0,87,24192
0,87,5351
0,87,5350
0,87,5360
0,87,40102
0,87,5355
0,87,5357
0,87,10847
0,87,32542
0,87,5354
0,87,8852
0,87,6900
0,87,12938
0,87,46787
0,87,5348
0,87,1248179
0,87,968
0,87,1205297
0,87,5356
0,87,5349
0,87,5345
0,87,1852
0,87,11486
0,87,19501
0,87,7144
0,87,3613997
0,87,5347
0,87,6398972
0,87,7824997
0,87,7933437
0,87,10211494
0,87,11084145
5,89,662
5,89,2122
5,90,1087381
5,90,24280
5,90,2486347
5,90,139827
5,90,1087455
5,90,220334
5,90,7186
5,90,15638
5,90,124431
5,90,257213
5,90,104039
5,90,656
5,90,1228439
5,90,7190
5,90,59142
4,90,39793
4,90,39799
4,90,39792
4,90,489936
4,90,39796
4,90,4014985
4,90,39795
4,90,62446
4,90,837812
4,90,23814
4,90,153875
4,90,882717
4,90,52415
4,90,780581
4,90,39794
4,90,54499
4,90,30597
4,90,39798
4,90,39801
4,90,39797
3,90,141485
3,90,19086372
2,90,46438
0,90,9803995
0,90,20361992
5,91,9684523
5,91,5107
5,91,19543
5,91,7445
5,91,2165
5,91,13586707
5,91,23772
5,91,2657
5,91,15823480
5,91,18386
5,91,4671
5,91,8683812
5,91,233093
5,91,14204
5,91,9734
5,91,77203
5,91,19724039
5,91,6569567
5,91,726670
5,91,1232
5,91,12505
5,91,18143977
5,91,17465515
5,91,332613
5,91,227571
5,91,1923820
5,91,2125160
5,91,6185
5,91,23156040
5,91,11084145
5,91,7144
5,91,4214
5,91,24178
5,91,865
5,91,100915
5,91,882278
5,91,4381
5,91,4349748
5,91,7728
4,91,18079776
4,91,4667024
4,91,4979
4,91,10996342
4,91,21671
4,91,85301
4,91,1282881
4,91,14836
4,91,4078927
4,91,40189
4,91,13214
4,91,43641
4,91,74812
4,91,656
4,91,4934
4,91,2967752
4,91,93519
4,91,930
4,91,5277251
4,91,3340894
4,91,40440
4,91,2318271
4,91,5043
4,91,18405
4,91,5297
4,91,6346975
4,91,6900
4,91,1282880
4,91,49552
4,91,7244
4,91,821262
4,91,11127
4,91,6390356
4,91,4666400
4,91,1078
4,91,464519
4,91,480725
4,91,7058526
4,91,1624
4,91,6642715
4,91,3636
4,91,9712
4,91,4406
4,91,5470
4,91,5064
4,91,25893693
4,91,16006199
4,91,31335
4,91,4395
4,91,890
4,91,10210
4,91,11076177
4,91,1379961
4,91,280254
4,91,29563
4,91,14919
4,91,4965
4,91,126820
4,91,11486
3,91,24280
3,91,3153910
3,91,11
3,91,1935
3,91,10441
3,91,128029
3,91,19481
3,91,14935
3,91,3431
3,91,556602
3,91,17802724
3,91,6867
3,91,227593
3,91,2122
3,91,3867
3,91,15507958
3,91,77554
3,91,2866
3,91,4473
3,91,6969
3,91,2429135
3,91,1295
3,91,6334
3,91,25930
3,91,1103
3,91,2187
3,91,1618
3,91,7604
3,91,17123
3,91,9717
3,91,11741
3,91,4989
3,91,5203
3,91,3656
3,91,7603
3,91,19063
3,91,11588
3,91,19486412
3,91,23492741
3,91,773383
3,91,6149
3,91,148821
3,91,5060378
3,91,7126
3,91,6892870
3,91,49436
3,91,370493
3,91,10211494
3,91,33917
3,91,536
2,91,12296
2,91,19501
2,91,14050
2,91,18402
2,91,662
2,91,252577
2,91,7967
2,91,23341
2,91,5826
1,91,3648
1,91,320
1,91,153747
0,91,18513565
0,91,23604559
0,91,22822858
0,91,23417396
0,91,13642950
0,91,24817626
0,91,75467
0,91,29780253
0,91,31522007
0,91,32052074
5,92,30
4,92,2672
5,95,9762211
4,95,22202
4,95,544564
4,95,728849
4,95,18668018
4,95,24942
4,95,376580
4,95,18310320
4,95,14546626
4,95,3446
4,95,7675
4,95,18780375
4,95,11713
4,95,7668
4,95,2078937
3,95,4339
3,95,345475
3,95,1971658
3,95,1105956
3,95,7501962
3,95,8264505
3,95,9739365
3,95,34127824
3,95,25663872
3,95,15814872
3,95,17349201
3,95,6708
3,95,25897804
3,95,57778
0,95,24796292
0,95,767171
5,96,12691
4,96,164427
4,96,4052
4,96,33313
4,96,2288436
4,96,86856
4,96,912
4,96,45
4,96,10146
4,96,151809
3,96,368593
3,96,522776
2,96,2612
1,96,10658
1,96,3228917
0,96,563
0,96,5558
0,96,41643
0,96,3816040
0,96,5083959
0,96,5635215
0,96,7324659
5,97,1713426
5,97,683
5,97,1
5,97,4134
5,97,29579
5,97,30119
5,97,2956
5,97,4
5,97,29580
5,97,4110
5,97,3
5,97,5571
5,97,4125
5,97,6
5,97,19543
5,97,136251
5,97,4137
5,97,2
5,97,5
5,97,378
4,97,2546421
4,97,4113
4,97,41821
4,97,4380
4,97,13662
4,97,2122
4,97,13642
4,97,111450
4,97,13426082
4,97,2552
4,97,29581
4,97,3769
0,97,4140
0,97,41804
0,97,135479
0,97,13629
0,97,4138
0,97,763241
0,97,227265
0,97,9597
0,97,10176
0,97,13839
0,97,1237300
0,97,647
0,97,6596
0,97,60080
0,97,4981
0,97,315425
0,97,1044355
0,97,2618
0,97,98250
0,97,44098
0,97,34041
0,97,7036409
0,97,10822774
0,97,12609433
0,97,333538
0,97,840
0,97,13588394
0,97,18077903
0,97,3353
0,97,22147266
5,99,5107
5,99,285092
4,99,764270
4,99,968
4,99,1301
4,99,10631
4,99,4671
4,99,43015
4,99,23341
4,99,15997
4,99,4395
4,99,264827
4,99,1420
4,99,69571
3,99,70401
3,99,4144
3,99,284735
3,99,78216
3,99,773858
3,99,2657
3,99,3106441
2,99,930
